/*
 Navicat MySQL Data Transfer

 Source Server         : mysql
 Source Server Type    : MySQL
 Source Server Version : 50718
 Source Host           : localhost
 Source Database       : ssm

 Target Server Type    : MySQL
 Target Server Version : 50718
 File Encoding         : utf-8

 Date: 05/29/2017 18:04:04 PM
*/

SET NAMES utf8mb4;
SET FOREIGN_KEY_CHECKS = 0;

-- ----------------------------
--  Table structure for `collect`
-- ----------------------------
DROP TABLE IF EXISTS `collect`;
CREATE TABLE `collect` (
  `collectId` int(11) NOT NULL AUTO_INCREMENT,
  `userId` int(11) NOT NULL,
  `classId` int(11) NOT NULL,
  `classt` varchar(50) NOT NULL,
  `UpdateTime` timestamp NOT NULL DEFAULT CURRENT_TIMESTAMP ON UPDATE CURRENT_TIMESTAMP,
  `del` int(11) NOT NULL DEFAULT '1',
  PRIMARY KEY (`collectId`)
) ENGINE=InnoDB AUTO_INCREMENT=17 DEFAULT CHARSET=utf8;

-- ----------------------------
--  Records of `collect`
-- ----------------------------
BEGIN;
INSERT INTO `collect` VALUES ('5', '3', '40', 'route', '2017-04-24 14:32:31', '1'), ('8', '3', '2', 'village', '2017-04-26 11:02:51', '1'), ('9', '3', '1', 'village', '2017-04-26 11:03:37', '1'), ('11', '1', '1', 'village', '2017-04-26 11:05:46', '1'), ('12', '1', '5', 'village', '2017-04-26 11:05:50', '1'), ('14', '3', '59', 'route', '2017-04-26 14:56:02', '1'), ('15', '1', '40', 'route', '2017-04-26 15:28:11', '1'), ('16', '1', '60', 'route', '2017-05-09 11:34:47', '1');
COMMIT;

-- ----------------------------
--  Table structure for `comment`
-- ----------------------------
DROP TABLE IF EXISTS `comment`;
CREATE TABLE `comment` (
  `commentId` int(11) NOT NULL AUTO_INCREMENT,
  `referId` int(11) NOT NULL,
  `content` varchar(300) NOT NULL,
  `img` varchar(50) DEFAULT NULL,
  `writer` varchar(30) NOT NULL,
  `UpdateTime` timestamp NULL DEFAULT CURRENT_TIMESTAMP ON UPDATE CURRENT_TIMESTAMP COMMENT '创建时间',
  `del` int(11) DEFAULT '1',
  PRIMARY KEY (`commentId`)
) ENGINE=InnoDB AUTO_INCREMENT=16 DEFAULT CHARSET=utf8;

-- ----------------------------
--  Records of `comment`
-- ----------------------------
BEGIN;
INSERT INTO `comment` VALUES ('1', '14', '发布评论', '/pic\\1.png', 'bOneKop', '2017-04-17 10:12:25', '2'), ('2', '14', '提交', '/pic\\1.png', 'bOneKop', '2017-03-31 09:40:01', '1'), ('3', '14', '测试测试', '/pic\\1.png', 'bOneKop', '2017-03-31 09:44:49', '1'), ('4', '14', '继续测试', '/pic\\1.png', 'bOneKop', '2017-03-31 09:45:09', '1'), ('5', '14', '今天是星期五', '/pic\\1.png', 'bOneKop', '2017-03-31 09:45:18', '1'), ('6', '14', '测试一下阿森纳', '/pic\\1.png', '阿森纳', '2017-03-31 09:53:03', '1'), ('7', '14', '今天开始评论测试', '/pic\\1.png', '阿森纳', '2017-03-31 09:53:19', '1'), ('8', '14', '换个图片来测试', '/pic\\amaz.jpg', '阿森纳', '2017-04-18 15:02:20', '1'), ('9', '14', 'pengming是傻币', '/pic\\amaz.jpg', '阿森纳', '2017-04-18 15:01:47', '2'), ('12', '19', '很不错的游记', '/pic\\745db73eb13533faeee960d2aed3fd1f40345b70.jpg', 'bOneKop', '2017-04-18 15:02:09', '1'), ('13', '21', '20170418测试一下啊', '/pic\\745db73eb13533faeee960d2aed3fd1f40345b70.jpg', 'bOneKop', '2017-04-18 16:13:10', '1'), ('14', '21', '评论测试', null, 'pengming', '2017-04-25 10:48:06', '1'), ('15', '20', '20170428到此一游', '/pic\\9cdc55e736d12f2e449705ed4fc2d5628435685a.jpg', 'bOneKop', '2017-04-28 16:16:15', '1');
COMMIT;

-- ----------------------------
--  Table structure for `comments`
-- ----------------------------
DROP TABLE IF EXISTS `comments`;
CREATE TABLE `comments` (
  `commentsId` int(11) NOT NULL AUTO_INCREMENT,
  `commentsName` varchar(255) DEFAULT NULL,
  `content` varchar(255) DEFAULT NULL,
  `image` varchar(255) DEFAULT NULL,
  `writer` varchar(255) DEFAULT NULL,
  `updateTime` timestamp NULL DEFAULT CURRENT_TIMESTAMP ON UPDATE CURRENT_TIMESTAMP,
  `state` int(11) DEFAULT '1',
  `total` int(11) DEFAULT '0',
  `point` float DEFAULT '0',
  PRIMARY KEY (`commentsId`)
) ENGINE=InnoDB AUTO_INCREMENT=54 DEFAULT CHARSET=utf8;

-- ----------------------------
--  Records of `comments`
-- ----------------------------
BEGIN;
INSERT INTO `comments` VALUES ('17', '九真桃源', '不错', 'img/max.png', 'bOneKop', '2017-05-04 13:30:19', '1', '0', '4'), ('18', '云雾山', '很美很美', 'img/max.png', 'bOneKop', '2017-05-04 13:30:42', '1', '0', '4'), ('19', '云雾山', '杜鹃花很漂亮', 'img/max.png', 'bOneKop', '2017-05-04 13:30:44', '1', '0', '4'), ('21', '当代薰衣草风情园', '很美', 'img/max.png', 'bOneKop', '2017-05-22 13:51:26', '1', '0', '5'), ('22', '当代薰衣草风情园', '很不错', 'img/max.png', 'bOneKop', '2017-05-22 13:51:30', '1', '0', '5'), ('28', '古龙山庄', '挺满意的', 'img/max.png', 'bOneKop', '2017-05-04 13:30:47', '1', '0', '4'), ('29', '古龙山庄', '很好', 'img/max.png', 'bOneKop', '2017-05-04 13:30:48', '1', '0', '4'), ('30', '古龙山庄', '不错，不错', 'img/max.png', 'bOneKop', '2017-05-04 13:30:48', '1', '0', '4'), ('31', '古龙山庄', '挺好的', 'img/max.png', 'bOneKop', '2017-05-04 13:30:49', '1', '0', '4'), ('32', '古龙山庄', '挺不错', 'img/max.png', 'bOneKop', '2017-05-04 13:30:50', '1', '0', '4'), ('33', '古龙山庄', '还不错哟', 'img/max.png', 'bOneKop', '2017-05-04 13:32:35', '1', '0', '5'), ('34', '凤翔岛度假村', '店长人挺好的', 'img/max.png', 'bOneKop', '2017-05-04 13:34:35', '1', '0', '4'), ('35', '凤翔岛度假村', '环境很好', 'img/max.png', 'bOneKop', '2017-05-04 13:34:48', '1', '0', '5'), ('36', '古龙山庄', '还不错', 'img/max.png', 'bOneKop', '2017-05-04 14:31:43', '1', '0', '5'), ('37', '古潭田园农庄', '这个shabby', '/pic\\9cdc55e736d12f2e449705ed4fc2d5628435685a.jpg', 'bOneKop', '2017-05-04 15:36:52', '1', '0', '2'), ('41', '武汉天外天度假村', '环境挺好的', '/pic\\9cdc55e736d12f2e449705ed4fc2d5628435685a.jpg', 'bOneKop', '2017-05-22 13:16:23', '1', '0', '5'), ('42', '武汉天外天度假村', '总体来说还不错', '/pic\\9cdc55e736d12f2e449705ed4fc2d5628435685a.jpg', 'bOneKop', '2017-05-22 13:16:40', '1', '0', '4'), ('43', '凤翔岛度假村', '值得推荐', '/pic\\9cdc55e736d12f2e449705ed4fc2d5628435685a.jpg', 'bOneKop', '2017-05-22 13:17:36', '1', '0', '5'), ('44', '乌梅村', '环境挺好的', '/pic\\9cdc55e736d12f2e449705ed4fc2d5628435685a.jpg', 'bOneKop', '2017-05-22 13:19:09', '1', '0', '5'), ('45', '乌梅村', '山清水秀的', '/pic\\9cdc55e736d12f2e449705ed4fc2d5628435685a.jpg', 'bOneKop', '2017-05-22 13:24:53', '1', '0', '4'), ('47', '乌梅村', '值得一去', '/pic\\9cdc55e736d12f2e449705ed4fc2d5628435685a.jpg', 'bOneKop', '2017-05-22 13:29:42', '1', '0', '5'), ('48', '九真山', '风景挺美的', '/pic\\9cdc55e736d12f2e449705ed4fc2d5628435685a.jpg', 'bOneKop', '2017-05-22 13:48:03', '1', '0', '5'), ('49', '云雾山', '挺好玩的', '/pic\\9cdc55e736d12f2e449705ed4fc2d5628435685a.jpg', 'bOneKop', '2017-05-22 13:50:03', '1', '0', '5'), ('50', '九真山', '值得一去', '/pic\\9cdc55e736d12f2e449705ed4fc2d5628435685a.jpg', 'bOneKop', '2017-05-22 13:52:27', '1', '0', '4'), ('51', '九真桃源', '挺好玩的', '/pic\\9cdc55e736d12f2e449705ed4fc2d5628435685a.jpg', 'bOneKop', '2017-05-22 13:53:02', '1', '0', '5'), ('52', '当代薰衣草风情园', '薰衣草很美', '/pic\\9cdc55e736d12f2e449705ed4fc2d5628435685a.jpg', 'bOneKop', '2017-05-22 13:53:39', '1', '0', '5'), ('53', '凤翔岛度假村', '很渴望文化', '/pic\\9cdc55e736d12f2e449705ed4fc2d5628435685a.jpg', 'bOneKop', '2017-05-27 14:31:30', '1', '0', '5');
COMMIT;

-- ----------------------------
--  Table structure for `hotel`
-- ----------------------------
DROP TABLE IF EXISTS `hotel`;
CREATE TABLE `hotel` (
  `hotelName` varchar(255) DEFAULT NULL,
  `villageTitle` varchar(255) DEFAULT NULL,
  `theme` varchar(255) DEFAULT NULL,
  `address` varchar(255) DEFAULT NULL,
  `image` varchar(255) DEFAULT NULL,
  `tel` varchar(255) DEFAULT NULL,
  `introduce` varchar(255) DEFAULT NULL,
  `photo` varchar(1023) DEFAULT NULL,
  `hotelId` int(11) NOT NULL AUTO_INCREMENT,
  `inDate` date DEFAULT NULL,
  `outDate` date DEFAULT NULL,
  `pos` varchar(255) DEFAULT NULL,
  `issue` varchar(255) DEFAULT NULL,
  `point` float DEFAULT '0',
  `spotName` varchar(255) DEFAULT NULL,
  `userId` int(11) DEFAULT NULL,
  PRIMARY KEY (`hotelId`)
) ENGINE=InnoDB AUTO_INCREMENT=26 DEFAULT CHARSET=utf8;

-- ----------------------------
--  Records of `hotel`
-- ----------------------------
BEGIN;
INSERT INTO `hotel` VALUES ('凤翔岛度假村', '乌梅村', '商务会务,休闲度假,观光游览,会晤拓展', '武汉市·蔡甸区·大集街凤凰村', 'http://img.cyw.com/shopx/20110829174326343707/shopinfo/2015112714081413.png!200x133', '027-83524928', '理由一\n\n\n	武汉市凤翔岛会展中心（度假村）隶属凤翔岛园林绿化工程有限公司。地处蔡甸区大集街凤凰村，占地面积26万平方米（约400亩），建筑面积3万平方米。\n\n\n	理由二\n\n\n	依偎在风景秀丽的后官湖畔，东临市经济技术开发区，南接318国道、京珠沪蓉高速公路。\n\n\n	理由三\n\n\n	这里三面环水，空气清新，风景秀美，各种花卉、树木、盆景、小桥交融 在一起，夏日百花齐放，万紫千红，清晨，飞鸟蝶舞，鱼跃清波，湖光相映，好一番大自然的神韵——人间仙境。\n                    \n	\n \n\n\n	\n ', 'http://img.cyw.com/uploadfiles/420000/2/2012/06/04/676e4004-272e-4094-8c2a-7c3195a63265.jpg;http://img.cyw.com/uploadfiles/420000/2/2011/09/27/f1aac79d-235c-4b5d-ad58-27ccc2ccd6e7.jpg;http://img.cyw.com/uploadfiles/420000/2/2011/08/29/31d6865f-2ac3-47b9-b3d5-7eb024003504.jpg;http://img.cyw.com/uploadfiles/420000/2/2011/09/27/e5dbf841-d15b-4c74-b556-e2cf0eeb4da4.jpg;http://img.cyw.com/uploadfiles/420000/2/2011/09/27/8ff67eb1-36dd-4137-b723-8cfe40244d3c.jpg', '1', '2017-04-28', '2018-05-30', '114.090755,30.483586', '请于中午十二点之前退房', '4.8', '九真山', null), ('古潭田园农庄', '皇庙村', '湖边垂钓,环境优美,休闲娱乐', '武汉市·黄陂区·祁家湾街道·古潭田园农庄', 'http://img.cyw.com/shopx/147243648732/shopinfo/201609/2016090414103034.JPG!200x133', '15927131460', '理由一\n\n\n	古潭田园农庄是五星级农庄占地500亩，临近云雾山木兰景区。\n\n\n	理由二\n\n\n	休闲娱乐项目有棋牌、垂钓、ktv、季节采摘、烧烤、餐饮、住宿等。\n\n\n	理由三\n\n\n	古潭田园农庄以四季宜人的独特自然风景以及深厚的历史文化成为了不可多得的休闲好去处。\n                    \n	 \n\n\n	\n\n\n	中分卫遗址 \n\n\n	中分卫遗址属新石器、商时期文化遗址，于1992年被列为省级文物保护单位，对研究湖北地区古代历史文化的起源、发展、承袭及文化渊源等具有重要的意义。\n\n\n	 \n\n\n	\n', 'http://img.cyw.com//shopx/147243648732/shopinfo/201609/201609041410189.JPG;http://img.cyw.com//shopx/147243648732/shopinfo/201608/2016082915280845.jpg;http://img.cyw.com//shopx/147243648732/shopinfo/201608/2016082915281754.jpg;http://img.cyw.com//shopx/147243648732/shopinfo/201608/2016082915281846.jpg;http://img.cyw.com//shopx/147243648732/shopinfo/201608/2016082915280711.jpg', '2', '2017-05-03', '2018-05-30', '114.230789,30.913382', '请于中午十二点之前退房', '2', null, null), ('古龙山庄', '童周岭村', '朋友聚会,商务会议,休闲娱乐', '武汉市·江夏区·乌龙泉街道·灵山村', 'http://img.cyw.com/shopx/20110703155340562723/shopinfo/2016050717194361.jpg!200x133', '027-83524928', '江夏区公路局古龙山庄，位于江夏区乌龙泉街灵山，是一所集餐饮、客房、会议、娱乐、健身休闲为一体的三星级度假村。古龙山庄占地面积786亩，总规划建筑面积18720平方米。拥有主楼、餐饮楼、别墅、贵宾楼、古龙坡，还有风景别致徽式建筑“农家乐”小院。                    \n	 \n\n\n	\n\n\n	我们有一流的硬件设施，一流的服务质量，一流的烹调技术，更有满山遍野的竹笋，蕨菜，小蒜等绿色野生食品令人回味无穷；百余亩的各种果树，花香漫天，果实满枝，花卉、苗圃，荷塘交相辉映，呈现出一派优美和谐的自然风光。', 'http://img.cyw.com//shopx/20110703155340562723/shopinfo/2016050717211089.jpg;http://img.cyw.com//shopx/20110703155340562723/shopinfo/2016050717211874.jpg;http://img.cyw.com//shopx/20110703155340562723/shopinfo/2016050717211362.jpg;http://img.cyw.com//shopx/20110703155340562723/shopinfo/2016050717211711.jpg', '3', '2017-05-03', '2018-05-30', '114.37793,30.290207', '请于中午十二点之前退房', '4.3', '当代薰衣草风情园', '9'), ('扎根农村农庄', '童周岭村', '全地行车,自助烧烤,野钓棋牌', '武汉市·江夏区·纸坊街道·照耀村韩邓湾58号', 'http://img.cyw.com/shopx/147056960041/shopinfo/201609/2016092915085220.jpg!200x133', '13659826826', '扎根农村农庄位于武汉市江夏区纸坊街道照耀村韩邓湾58号，毗邻梁子湖风景区，这里有蔬果采摘，户外烧烤，趣味野钓，篝火晚会，帐篷露营，有土锅土灶可以自助下厨，体验农家生活。刺激好玩的户外越野车，疯狂赛道感受山地越野，坡道、山林穿行。还有电动快船，畅游梁子湖，感受沙滩戏水，花海穿行，是您周边旅游度假的休闲胜地                    \n	 \n\n\n	 \n\n\n	 \n\n\n	\n \n\n\n	全地行车 \n\n\n	扎根农村农庄有丰富多彩的娱乐游玩项目，其中最大的亮点是全地行车，具备安全性及挑战性，相当适合喜爱户外活', 'http://img.cyw.com//temp/shopinfo/201608/2016080719250337.jpg;http://img.cyw.com//temp/shopinfo/201608/2016080719250340.jpg;http://img.cyw.com//temp/shopinfo/201608/2016080719250018.jpg;http://img.cyw.com//temp/shopinfo/201608/2016080719245915.jpg;http://img.cyw.com//temp/shopinfo/201608/2016080719250389.jpg', '5', '2017-05-03', '2018-05-30', '114.374386,30.306646', '请于中午十二点之前退房', '0', null, null), ('木兰湖七星岛度假村', '火庙村', '商务会务,用餐棋牌,旅游观光', '武汉市·黄陂区·木兰风景区', 'http://img.cyw.com/shopx/20111220175035585934/shopinfo/2015112711400783.jpg!200x133', '027-83320778', '武汉七星岛大酒店是由武汉大桥实业集团有限公司投资建造的度假型酒店，座落在被誉为武汉后花园的木兰湖生态旅游风景区，周边风景优美，环境舒适。1995年6月建成开业，经过十多年不懈努力，形成了集食、宿、会议、休闲等为一体的休闲旅游度假村，并以良好的经济效益和市场形象得到了社会各界的认可。                    \n	 \n\n\n	\n\n\n	木兰湖七星岛度假村与闻名中原地区的鸟岛森林公园隔水相望、相传很久以前，神话传说中的\"七星女\"，曾下凡人间，在木兰湖旁的\"天堰\"沐浴、戏水。也不知过了多少年，七仙女沐浴', 'http://img.cyw.com/uploadfiles/420000/2/2012/06/25/672f7dea-8a71-4646-bc47-d99d29825d7a.JPG;http://img.cyw.com/uploadfiles/420000/2/2012/06/25/9f795ee8-3eb2-4c71-8d30-a396479a7fc5.jpg;http://img.cyw.com//shopx/20111220175035585934/shopinfo/2016040210042927.jpg;http://img.cyw.com//shopx/20111220175035585934/shopinfo/2016040210042910.jpg;http://img.cyw.com/uploadfiles/420000/2/2012/06/25/976c2d5f-67b4-4934-87b6-a81c152ba397.JPG', '6', '2017-05-03', '2018-05-30', '114.473705,31.082499', '请于中午十二点之前退房', '0', null, null), ('梁子湖新华农庄', '童周岭村', '餐饮住宿,团队接待,梁子湖旁', '武汉市·江夏区·梁子湖风景区新华村肖家咀', 'http://img.cywimg.com/uploadfiles/420000/2/2012/02/28/2e851497-5ec8-4e11-ae51-b377e564bb33.jpg', '18086096208', '武汉市梁子湖新华农庄坐落于武汉市江夏区梁子湖风景区境内的梁子湖大道旁，面积2600余亩，其中湖泊水面1000余亩、旱地近千亩、建筑面积500多亩。庄园水域与梁子湖大水体连通，是武汉市湖泊水域中水质最好的水体。                    \n	 \n\n\n	 \n\n\n	 \n\n\n	 \n\n\n	 \n\n\n	\n\n\n	\n \n\n\n	\n \n\n\n	获得的荣誉 \n\n\n	 \n\n\n	\n\n\n	\n		\n			\n				\n					 项目\n				\n				\n					 价格\n				\n				\n					 备注\n				\n			\n', 'http://img.cyw.com/uploadfiles/420000/2/2012/02/28/2e851497-5ec8-4e11-ae51-b377e564bb33.jpg;http://img.cyw.com//shopx/20110703152714453710/shopinfo/2016041614443711.jpg;http://img.cyw.com/uploadfiles/420000/2/2012/02/28/0cdde8a4-0c94-483e-bce8-981878db8c62.jpg;http://img.cyw.com/uploadfiles/420000/2/2012/11/29/e53d88cb-bd5c-4661-b298-ea55cabf343a.jpg;http://img.cyw.com/uploadfiles/420000/2/2012/11/29/f917d2a9-3ca9-4b1a-b4bb-1c4b820d886e.jpg', '7', '2017-05-03', '2018-05-30', '114.45262,30.277648', '请于中午十二点之前退房请于中午十二点之前退房', '0', null, null), ('梁子湖高尔夫俱乐部', '童周岭村', '生态湿地,高尔夫球场,高端休闲', '武汉市·江夏区·五里界镇·国家生态旅游度假区内', 'http://img.cyw.com/temp/shopinfo/2016042014363145.jpg!200x133', '027-83524928', '理由一\n\n\n	湖北梁子湖高尔夫俱乐部有限公司是亚洲最美原生态湿地高尔夫球场。\n\n\n	理由二\n\n\n	俱乐部位于全国十大名湖之一的梁子湖国家生态旅游度假区内，在湖心大型半岛的端部。\n\n\n	理由三\n\n\n	梁子湖高尔夫球场是国际知名的设计大师尼尔·哈沃斯(Neil Haworth)继日本凤凰球场、上海佘山国际和云南玉龙雪山球场之后，在华中地区的扛鼎之作。\n                    \n	 \n\n\n	\n\n\n	高尔夫球场 \n\n\n	梁子湖高尔夫球场总占地面积为1800亩，规划为27洞（含9洞灯光球场），其中，', 'http://img.cyw.com//temp/shopinfo/2016042014365984.jpg;http://img.cyw.com//shopx/146113484727/shopinfo/2016050415555782.jpg;http://img.cyw.com//shopx/146113484727/shopinfo/2016050415555727.jpg;http://img.cyw.com//temp/shopinfo/2016042014370976.jpg;http://img.cyw.com//temp/shopinfo/2016042014370364.jpg', '8', '2017-05-03', '2018-05-30', '114.560823,30.230907', '请于中午十二点之前退房', '0', null, null), ('梁湖农庄', '童周岭村', '垂钓,休闲度假,摄影', '武汉市·江夏区·五里界梁湖大道', 'http://img.cyw.com/shopx/20111222152121052592/shopinfo/2016040815490293.jpg!200x133', '027-83524928', '梁湖农庄【客房】共142间，其中三星标间75间，麻将套房5间；四星标间31间，单间16间，豪华亲子房7间，麻将房8间；【会议室】3个，容纳60—220人；【餐厅】可容纳300人左右同时用餐。                    \n	梁湖农庄是镶嵌在梁子湖畔的一颗明星，投资3000万元，建设成的长廊垂钓，水上伐州，荷塘赏景，休闲娱乐，可供游客享受山野灵气的乐趣。 \n\n\n\n\n	 \n\n\n	\n\n\n	农庄餐厅 \n\n\n	为了满足客人的要求，度假村配有能一次性容纳400人进餐的中式餐厅、环境优雅的包房，环境干净、卫生', 'http://img.cyw.com//shopx/20111222152121052592/shopinfo/2016041116013273.jpg;http://img.cyw.com//shopx/20111222152121052592/shopinfo/2016041116013538.jpg;http://img.cywimg.com/uploadfiles/420000/2/2012/02/28/4006b264-7135-4fd5-9ce6-06dc651aa5d6.jpg;http://img.cyw.com//shopx/20111222152121052592/shopinfo/2016041116013896.jpg;http://img.cyw.com//shopx/20111222152121052592/shopinfo/2016041116013143.jpg', '9', '2017-04-28', '2018-05-30', '114.439155,30.299677', '请于中午十二点之前退房', '0', null, null), ('武汉中州府生态酒店', '东港村', '公司会议,钓鱼采摘,休闲度假', '武汉市·江夏区·庙山经济开发区邬树村明泽街2号', 'http://img.cyw.com/temp/shopinfo/2016042118282517.jpg!200x133', '027-83524928', '中州府生态酒店坐落于风景秀丽的庙山开发区中州岛南滨，离光谷中心鲁巷只有二十分钟车程，驱车十分钟就可以到达纸坊城中心，交通便利                    \n	 \n\n\n	\n\n\n	生态环境 \n\n\n	中州府生态酒店坐落于风景秀丽的庙山开发区中州岛南滨，离光谷中心鲁巷只有二十分钟车程，驱车十分钟就可以到达纸坊城中心，交通便利。他远离了都市的喧嚣纷扰，烟波浩渺、百鸟云集、云涯拍岸、渔舟唱晚，宛如江南水乡古镇。\n\n\n	 \n\n\n	 \n\n\n	\n\n\n	酒店介绍 \n\n\n	酒店的建筑是改良版徽派建筑风格，粉墙、黛瓦、', 'http://img.cyw.com//temp/shopinfo/2016042118290740.jpg;http://img.cyw.com//temp/shopinfo/2016042118290121.jpg;http://img.cyw.com//temp/shopinfo/201604211828590.jpg;http://img.cyw.com//temp/shopinfo/2016042118284755.jpg;http://img.cyw.com//temp/shopinfo/2016042118314093.jpg', '10', '2017-04-28', '2018-05-30', '114.394606,30.382428', '请于中午十二点之前退房', '0', null, null), ('武汉天外天度假村', '乌梅村', '度假,高尔夫,会务服务,餐饮', '武汉市·蔡甸区·军山街道·长山特一号', 'http://img.cyw.com/shopx/20120105155932106488/shopinfo/2015112617072972.png!200x133', '027-83320778', '度假村位于武汉经济技术开发区内，武汉天外天度假村是一所集温泉洗浴、餐饮住宿、保健休闲、商务会议于一体的，具有浓郁台湾风情的多功能型休闲胜地，更是全家合欢的理想之处。                    \n	 \n\n\n	\n \n\n\n	\n \n\n\n	度假村高尔夫 \n\n\n	占地30亩，按国家AAAAA级景区标准精心打造，紧邻18洞高尔夫球场。18洞总长度7612码，每洞最少有5个发球台。立体造型设计起伏落差大，计17个洞有水障碍，共6个岛果岭。洞洞不同造型与难度设计变化多端，果岭坡度大速度快，园艺造景色彩丰富，三个', 'http://img.cyw.com/uploadfiles/420000/2/2012/02/24/296d6619-7aaa-433d-88b4-999074b7edd0.jpg;http://img.cyw.com/uploadfiles/420000/2/2012/06/25/c14ea584-3d15-48ef-b419-777662f59820.jpg;http://img.cyw.com/uploadfiles/420000/2/2012/09/11/04006ef1-fbbc-4dfb-b1fa-7ea60d2c5863.jpg;http://img.cyw.com/uploadfiles/420000/2/2012/06/25/85420f0b-6104-42f1-a5c5-11631e2809fe.jpg;http://img.cyw.com/uploadfiles/420000/2/2012/02/24/52166f7b-c848-4d8f-b18c-c57c5878441f.jpg', '11', '2017-04-28', '2018-05-30', '114.121395,30.397872', '请于中午十二点之前退房', '4.5', null, null), ('武汉木兰公寓', '芦子河村', '室外田园,颐养天年,养生度假', '武汉市·黄陂区·木兰乡·长岭街短岭村77号', 'http://img.cyw.com/shopx/148772933474/shopinfo/201702/2017022211562818.jpg!200x133', '13469980786', '理由一\n\n\n	远离都市喧嚣，坐拥青山碧水，洗肺鲜氧。\n\n\n	理由二\n\n\n	前往木兰湖、木兰古门、木兰天池、锦里沟、清凉寨、姚家山的必经之地。\n\n\n	理由三\n\n\n	武汉绝无仅有的室外田园，养生度假好去处！\n                    \n	养生度假胜地  \n\n\n	 \n\n\n	武汉木兰公寓\n\n\n	坐落在“无陂不成镇”的黄陂区长岭镇\n\n\n	东临108省道黄土公路\n\n\n	南距长轩岭街仅仅5分钟路程\n\n\n	▼▼\n\n\n	 \n\n\n	 \n\n\n	从武汉出发前往木兰山\n\n\n	木兰湖、木兰古门、木兰天池\n\n\n	锦里沟、', 'http://img.cyw.com//shopx/148772933474/shopinfo/201702/2017022210163312.jpg;http://img.cyw.com//shopx/148772933474/shopinfo/201702/2017022210163168.jpg;http://img.cyw.com//shopx/148772933474/shopinfo/201702/2017022210163358.jpg;http://img.cyw.com//shopx/148772933474/shopinfo/201702/2017022210163249.jpg', '12', '2017-04-28', '2018-05-30', '114.358172,31.117109', '请于中午十二点之前退房', '0', null, null), ('武汉木兰湖丹桂坪度假山庄', '皇庙村', '餐饮住宿,会议娱乐,休闲度假', '武汉市·黄陂区·木兰湖丹桂坪度假山庄', 'http://img.cyw.com/temp/shopinfo/201606/2016063019095745.png!200x133', '027-83320778', '丹桂坪度假山庄位于武汉市黄陂区美丽的木兰湖畔。占地100亩，是一个集商务、会议、旅游、休闲度假、娱乐于一体的综合场所。这里紧邻国家4A级景区木兰山、木兰湖、木兰古门等景点，环境幽雅，空气清新，为忙碌的现代都市人提供了一处温馨享受的休闲居所。                    \n	 \n\n\n	 \n\n\n	 \n\n\n	\n\n\n	公寓内绿化覆盖率70%，配有水景园林，艺术馆、观景台、休闲林间道、喷泉假山、钓鱼池等，环境优美。房间为四星级宾馆标准配备，户型根据不同档次选择，设有标准间、夫妻间和豪华套间，均配独立卫浴系', 'http://img.cyw.com//temp/shopinfo/201606/201606301911386.png;http://img.cyw.com//shopx/146728530471/shopinfo/201607/2016071316213067.jpg;http://img.cyw.com//shopx/146728530471/shopinfo/201607/2016071316213148.png;http://img.cyw.com//temp/shopinfo/201606/2016063019114677.png;http://img.cyw.com//temp/shopinfo/201606/2016063019114166.png', '13', '2017-04-28', '2018-05-30', '114.47152,31.110989', '请于中午十二点之前退房', '0', null, null), ('武汉木兰龙王山度假山庄', '火庙村', '团队拓展,餐饮住宿,自助烧烤', '武汉市·黄陂区·罗汉寺街道·研子街上吴岗对面', 'http://gl.cyw.com/cyuploads//shopx/146045359947/shopinfo/2016041820322842.jpg', '027-83320778', '木兰龙王山拓展培训基地是一个以企业团队拓展培训、大中小学生素质拓展培训及彩弹野战为特色，涵盖商务会议、餐饮住宿、亲子活动、野炊烧烤、漂浮养生、农事体验、科普教育、休闲度假、夏令营、冬令营于一体的体验式产业园。                    \n	 \n\n\n	 \n\n\n	\n\n\n	【龙王山度假村】 \n\n\n	会议、餐饮、住宿 \n\n\n	木兰龙王山体验式教育产业园是集商务会议、餐饮住宿、休闲养生为一体的综合性度假山庄，意在打造健康、时尚的休闲度假会议新概念，是您休闲度假会议之首选!\n\n\n	 \n\n\n	 \n\n\n	\n\n', 'http://img.cyw.com//shopx/146045359947/shopinfo/2016041820322842.jpg;http://img.cyw.com//shopx/146045359947/shopinfo/2016042009540571.jpg;http://img.cyw.com//shopx/146045359947/shopinfo/2016042009540144.jpg;http://img.cyw.com//temp/shopinfo/2016041217315855.jpg;http://img.cyw.com//shopx/146045359947/shopinfo/2016041820322650.jpg', '14', '2017-05-03', '2018-05-30', '114.345889,31.046689', '请于中午十二点之前退房', '0', null, null), ('江夏新天地农庄', '东港村', '户外拓展,生态种植,餐饮住宿', '武汉市·江夏区·梁湖大道中段', 'http://img.cywimg.com/uploadfiles/420000/2/2013/08/26/2b9234a6-503c-4a4d-878f-0c35d60ecc97.jpg', '13720184788', '江夏新天地农庄【客房】共40余间，其中标间30间、单间3间、套房2间；【会议室】大会议室容纳60人，小会议室可容纳16人；【餐厅】大厅加包房一共可容纳350人。冬季吃烤全羊不仅是美味而且滋补养生。一只羊需要好几个甚至十几个人来享用，所以在这个冬天您朋友聚会是不错的选择。\n                    \n	 \n\n\n	\n\n\n	武汉梁子湖新天地农庄位于武汉市江夏区梁湖大道中段，沿梁湖大道南行，距五里界约6公里处，“新天地农庄”五个大字映入眼帘，一座花园似的村湾盈盈而立，这就是新天地农庄。武汉梁子湖新天', 'http://img.cyw.com/uploadfiles/420000/2/2013/08/26/2d4c8dfe-580e-4287-a1ae-358e7b8814a6.jpg;http://img.cyw.com/uploadfiles/420000/2/2013/08/26/fe433d16-58a1-4e26-9c79-cef8160a6d1a.jpg;http://img.cyw.com/uploadfiles/420000/2/2013/08/26/8a5d5fda-b6bd-4ba3-870f-242c5d539ba2.jpg;http://img.cyw.com//shopx/20130826101422175832/shopinfo/2016051410290870.jpg;http://img.cyw.com/uploadfiles/420000/2/2013/08/26/329558b1-e116-4608-8d9b-35c3f0d33da2.jpg', '15', '2017-05-03', '2018-05-30', '114.448446,30.280654', '请于中午十二点之前退房', '0', null, null), ('江夏梁子湖龙湾度假村', '东港村', '沙滩浴场,养生别墅,观光游览', '武汉市·江夏区·梁子湖大道特1号', 'http://img.cyw.com/shopx/20110703153848390510/shopinfo/201607/2016070410125056.jpg!200x133', '027-83524928', '梁子湖龙湾度假村座落于中国光谷，武汉梁子湖大道特1号，梁子湖北岸龙湾半岛。距武汉市区仅二十余分钟车程，交通十分便捷。度假村三面环水，地理位置独特，自然条件优越，与鄂州梁子岛交相辉映，有武汉的维多利亚港湾之称。                    \n	\n \n\n\n	\n \n\n\n	度假村环境\n龙湾度假村占地500余亩，村内湖水清澈见底，虾美鱼肥，完全野生，无污染，亭台楼阁，郁树葱葱，呈现一副原生态的自然景观，农业庄园种植有机无污染纯绿色水果，时令蔬菜，是目前市民观光，旅游，休闲，度假，举办宴席的首选之地，年接待', 'http://img.cyw.com//shopx/20110703153848390510/shopinfo/201607/2016070410155198.jpg;http://img.cywimg.com/uploadfiles/420000/2/2012/08/10/4d91ac1a-99fe-42a9-85bb-b52d79b1a6ae.jpg;http://img.cyw.com//shopx/20110703153848390510/shopinfo/2016040216134255.jpg;http://img.cywimg.com/uploadfiles/420000/2/2012/08/10/0c360890-0f46-43f9-bf83-ab0df9ac5937.JPG', '16', '2017-05-03', '2018-05-30', '114.465345,30.248296', '请于中午十二点之前退房', '0', null, null), ('江夏聚闲堂农庄', '东港村', '餐饮住宿,土锅土灶,棋牌垂钓', '武汉市·江夏区·宁港柑橘总场', 'http://img.cyw.com/shopx/147631662919/shopinfo/201610/2016103116542467.jpg!200x133', '15927131210', '聚闲堂农庄坐拥青山绿水间的橘田10余亩，每一株橘树皆纯天然种植，施农家肥料。金秋橘子熟透，可供游客尽情采摘。采橘之余，烧烤、棋牌、垂钓、蔬果采摘、自行车、乒乓球等休闲项目一应俱全。                    \n	农庄介绍 \n\n\n	小山环拥，私藏一方清静之地；鹅群嬉戏，拨弄池塘碧水清波。聚闲堂农庄是一家中高档生态农家乐，庄园内装修朴实典雅，水上木屋还原隐居山林的梦境，推窗即景，回归生活的本源。池塘偶有鹅群游过，树下秋千椅回荡，动静相宜，家园的温馨流泻于诗意的山水间。农庄拥有客房20间，独立包间4', 'http://img.cyw.com//shopx/147631662919/shopinfo/201610/2016103116521293.jpg;http://img.cyw.com//shopx/147631662919/shopinfo/201610/201610311720405.jpg;http://img.cyw.com//shopx/147631662919/shopinfo/201610/2016103116521158.jpg;http://img.cyw.com//shopx/147631662919/shopinfo/201610/2016103117204057.jpg', '17', '2017-05-03', '2018-05-30', '114.333117,30.32608', '请于中午十二点之前退房', '0', '', null), ('浅水湾度假村', '芦子河村', '会议度假,球类运动,休闲住宿', '武汉市·黄陂区·木兰乡·夏家寺', 'http://img.cyw.com/shopx/20110716161623234474/shopinfo/2015112617064475.png!200x133', '027-83320778', '理由一\n\n\n	浅水湾酒店地理位置优越，位于被称为黄陂“黄金旅游通道”的火塔线边，背靠黄陂旅游核心的木兰山，紧临拥有国家一类甲级水质（可直接饮用）的木兰湖，距离著名的胜天农庄景区仅3KM，距离有木兰八景之称的木兰草原和木兰天池仅十余公里，距离清凉寨、锦里沟等景区仅20公里。\n\n\n	理由二\n\n\n	距离武汉天河机场仅30分钟车程，距离武汉市区和汉口火车站不足1个小时车程。\n\n\n	理由三\n\n\n	可以提供商务会议和团队用餐住宿，对于有旅游会务需求的客户来说，黄陂浅水湾酒店无意是您最理想的选择。\n          ', 'http://img.cyw.com//shopx/20110716161623234474/shopinfo/2016040208484441.jpg;http://img.cyw.com//shopx/20110716161623234474/shopinfo/2016040208484542.jpg;http://img.cywimg.com/uploadfiles/420000/2/2011/08/19/f3152670-05b2-4c99-b6c3-092ae93cfc07.jpg;http://img.cyw.com//shopx/20110716161623234474/shopinfo/2016040208484485.jpg;http://img.cywimg.com/uploadfiles/420000/2/2011/12/30/efbdfb8c-0507-4a96-8798-e8da4e2552fc.jpg', '18', '2017-04-28', '2018-05-30', '114.467836,31.070416', '请于中午十二点之前退房', '0', null, null), ('清凉寨银杏农家乐', '皇庙村', '风景住宿,依山傍水,休闲娱乐', '武汉市·黄陂区·蔡店乡·蔡店乡 刘家山村73号（近状元故里）', 'http://img.cyw.com/temp/shopinfo/201608/2016082709491098.jpg!200x133', '15327390839', '地道的农家菜美味可口，舒适整洁的住宿环境，位于清凉寨景区内，依山傍水，休闲度假首选。                    \n	\n\n\n	\n		\n	\n	\n		住宿环境 \n	\n	\n		\n \n	\n	\n		\n \n	\n	\n		\n \n	\n	\n		\n \n	\n	\n		\n \n	\n	\n		餐饮环境', 'http://img.cyw.com//shopx/147226297735/shopinfo/201608/2016082809115284.jpg;http://img.cyw.com//temp/shopinfo/201608/2016082709393934.jpg;http://img.cyw.com//temp/shopinfo/201608/2016082709393788.jpg;http://img.cyw.com//temp/shopinfo/201608/2016082709393816.jpg;http://img.cyw.com//temp/shopinfo/201608/2016082709393877.jpg', '19', '2017-05-03', '2018-05-30', '114.230485,31.287028', '请于中午十二点之前退房', '0', null, null), ('盛兴聚贤农庄', '丁湾村', '风景摄影,餐饮住宿,棋牌垂钓', '武汉市·蔡甸区·玉贤镇·窑咀村大茶湖畔', 'http://img.cyw.com/shopx/20110703101228250228/shopinfo/2016042615574854.jpg!200x133', '13886054277', '武汉盛兴聚贤农庄坐落于武汉市蔡甸区玉贤镇窑咀村，规划面积380亩，东临汉沙路，南倚九真第一峰龙霓山，西、北坐拥原生水岸环绕有着6000亩水面的大茶湖。农庄自然风光保持完好，水上旅游资源丰富，视野开阔，景色秀美。地形地貌错综复杂，平地、坡地，丘陵、梯田、池塘、湖泊、水岸、平滩、半岛错落有致。', 'http://img.cyw.com/uploadfiles/420000/2/2012/02/28/949c4e35-d93d-47a2-9f97-15956dafa2ce.jpg;http://img.cyw.com/uploadfiles/420000/2/2012/02/28/555abb69-7d8b-458a-a707-ec6705052abf.jpg;http://img.cyw.com/uploadfiles/420000/2/2011/08/17/812dce22-53d8-451d-9b06-c880954a9a7e.jpg;http://img.cyw.com/uploadfiles/420000/2/2011/12/31/e093f714-44b9-439f-a1db-ee2bf1ee6af1.jpg;http://img.cyw.com/uploadfiles/420000/2/2011/08/17/4d096f71-da0f-4377-a2e9-93e876d577e5.jpg', '20', '2017-05-03', '2018-05-30', '113.971354,30.515102', '请于中午十二点之前退房', '0', null, null), ('金龙水寨度假村', '丁湾村', '商务会议,休闲度假,生活体验', '武汉市·蔡甸区·索河镇·龚家渡金龙湖畔', 'http://img.cyw.com/shopx/20110703093604781697/shopinfo/2016041917534842.jpg!200x133', '027-83524928', '金龙水寨生态乐园位于武汉市蔡甸区索河镇的索子长河水域金龙湖畔，这里是全国著名的知音故里莲花水乡，也因为人杰地灵蕴藏着金龙显灵的神奇传说。景区距离武汉城区40公里，交通便利。                    \n	 \n\n\n	 \n\n\n	\n\n\n	景区占地3000亩，其中水域1200亩，名贵荷花200余种。景区内种植七彩茶花300余亩，30多个品种共计15000余株。景区以“灵山秀水，梦里家园”为主题，以“赏花赏叶，亲水体验，生态休闲，农家渔家风情”为特色，以“亲身参与，乐在其中”为亮点，现已建成飞瀑迎宾、长', 'http://img.cyw.com//shopx/20110703093604781697/shopinfo/201606/2016061310503326.jpg;http://img.cyw.com//shopx/20110703093604781697/shopinfo/201606/2016061310503439.jpg;http://img.cywimg.com/uploadfiles/420000/2/2013/07/01/181cf51d-e9bf-4288-9339-9bfe675f70c4.jpg;http://img.cyw.com//shopx/20110703093604781697/shopinfo/201606/2016061310503491.jpg;http://img.cywimg.com/uploadfiles/420000/2/2013/07/01/b5418aa9-4141-45a7-a2b4-3b5c81043089.jpg', '21', '2017-04-28', '2018-05-30', '113.939686,30.554448', '请于中午十二点之前退房', '0', null, null), ('锦里沟原生态农家乐', '火庙村', '农家风情,农家美食,休闲住宿', '武汉市·黄陂区·蔡店乡·锦里沟景区内忠孝王府旁', 'http://img.cyw.com/shopx/20130902095455767228/shopinfo/2016040314391566.jpg!200x133', '13476003656', '锦里沟毕兹卡原生态农家乐位于武汉市黄陂区蔡店乡锦里沟王乐山（忠孝王府下面）。省旅游局挂四星级的农家乐，以现代土家风情别墅住宿模式，位于武汉市唯一的少数民族人居住最集中的自然村落。                    \n	\n		 \n	\n	\n		 \n	\n\n\n	\n\n\n	田园种植 \n\n\n	锦里沟原生态农家乐自有种植田地266亩，种植有各种特色蔬菜瓜果，七彩甘薯、水果甜玉米、黑色土豆、黑色花生、蘘荷、魔芋、鱼腥草、八叶爪、西瓜等山珍野菜!\n\n\n	 \n\n\n	\n\n\n	景区娱乐 \n\n\n	篝火晚会与您的魅力之夜！\n\n\n	', 'http://img.cyw.com/uploadfiles/420000/2/2013/09/02/5a52345a-cd78-429d-9851-b090f7b595f0.jpg;http://img.cyw.com/uploadfiles/420000/2/2013/09/02/7ba296c9-962f-414f-a352-c7e1ea0a8be2.jpg;http://img.cyw.com//shopx/20130902095455767228/shopinfo/201608/2016082814511953.jpg;http://img.cyw.com/uploadfiles/420000/2/2013/09/02/1f05268f-bbf9-4f56-845e-d0fef316da6b.jpg;http://img.cyw.com/uploadfiles/420000/2/2013/09/02/b0a52bc8-b2e2-4c90-9de0-680c6ebf8b49.jpg', '22', '2017-05-03', '2018-05-30', '114.227081,31.280397', '请于中午十二点之前退房', '0', null, null), ('锦里沟牯石农家乐', '芦子河村', '农家风情,黄陂菜色,休闲住宿', '武汉市·黄陂区·锦里沟景区内（忠孝王府下）', 'http://img.cywimg.com/uploadfiles/420000/2/2015/11/03/ce7d70e2-c69a-4197-8251-509d7a27c979.jpg', '18108656365', '锦里沟牯石农家乐位于武汉黄陂锦里沟景区内忠孝王府下王乐山，交通便利，地理位置优越。 这里有现代土家风情别墅，有最美味的土家菜肴，更有最热情的土家人民，民族风情浓郁。 这里环境舒适、优美、环山抱水， 置身其中，绿绿的林海近在咫尺，伸手可触，让您零距离接触阳光、绿色与清新的空间。                    \n	 \n\n\n	\n \n\n\n	景区农产品 \n\n\n	纯天然蜂蜜和自己亲自动手打糍粑，打给你不一样的农家体验！\n\n\n	 \n\n\n	\n \n\n\n	田园种植 \n\n\n	自己家菜园子，绿色健康。\n\n\n	 \n\n\n	\n', 'http://img.cyw.com//shopx/20130326120507936792/shopinfo/2016032520120242.jpg;http://img.cyw.com//shopx/20130326120507936792/shopinfo/2016040215530518.jpg;http://img.cyw.com//shopx/20130326120507936792/shopinfo/2016040215520725.jpg;http://img.cyw.com//shopx/20130326120507936792/shopinfo/2016030816013381.jpg', '23', '2017-05-03', '2018-05-30', '114.226658,31.279821', '请于中午十二点之前退房', '0', null, null), ('锦里沟馨亭燕语农家乐', '皇庙村', '休闲度假,生活体验,特色农园', '武汉市·黄陂区·蔡店乡·锦里沟景区内忠孝王府旁', 'http://img.cyw.com/shopx/20130709120210175621/shopinfo/201608/201608081433046.jpg!200x133', '18971072486', '这里有土色土香的农家菜，也有干净整洁的住宿环境，复古式的小楼，热情的服务人员，静待您的光临！', 'http://img.cyw.com/uploadfiles/420000/2/2013/07/09/3a57dd49-9003-4953-8531-1b25a9bf8437.jpg;http://img.cyw.com/uploadfiles/420000/2/2013/07/09/da866734-7c8b-46a9-938e-d64af5caf7bf.jpg;http://img.cyw.com/uploadfiles/420000/2/2013/07/09/b68187d0-f006-4bd5-b4d5-f5ec7e745034.jpg;http://img.cyw.com/uploadfiles/420000/2/2013/07/09/32ce0a51-f499-4a0c-ab52-44a987d869ca.jpg;http://img.cyw.com/uploadfiles/420000/2/2013/07/09/aad25846-1811-4039-91ad-13543a2cde3c.jpg', '24', '2017-04-28', '2018-05-30', '114.298004,31.2862', '请于中午十二点之前退房', '0', null, null), ('新洲紫薇都市田园', '蔡院村;杨岔村;上岗村;团上村;杨家石桥村', '花卉之乡,植物编织,户外游乐', '武汉市 · 新洲区 · 仓埠街道 · 丰乐寺村特1号', 'http://img.cyw.com/shopx/20150731185442122337/shopinfo/201702/2017021712055627.jpg!200x133', '18971072486', '理由一\r\n新洲紫薇都市田园拥有大片精品园林区及数十项极具互动性、体验性的娱乐项目。\r\n理由二\r\n以植物编织文化为主题，这在整个华中地区乃至全国都是独一无二。\r\n理由三\r\n传统园林艺术魅力与现代时尚旅游体验相融合。\r\n新洲紫薇都市田园\r\n新洲紫薇都市田园\r\n\r\n仓埠街是我市闻名的花卉苗木之乡，高杆紫薇、精品桂花等苗圃园区达42个，面积2万余亩，遍布109省道50里道路两旁，每到紫薇、桂花开花时节，花香四溢，成为名副其实的“花香之路”。', 'http://img.cyw.com//shopx/20150731185442122337/shopinfo/2016050610200080.jpg;http://img.cyw.com//shopx/20150731185442122337/shopinfo/2016040114500614.jpg;http://img.cyw.com//shopx/20150731185442122337/shopinfo/2016040114491340.jpg;http://img.cyw.com//shopx/20150731185442122337/shopinfo/201605061019584.jpg', '25', '2017-05-04', '2018-05-30', '114.618851,30.820796', '请于中午十二点之前退房', '0', null, null);
COMMIT;

-- ----------------------------
--  Table structure for `order1`
-- ----------------------------
DROP TABLE IF EXISTS `order1`;
CREATE TABLE `order1` (
  `orderId` int(11) NOT NULL AUTO_INCREMENT,
  `orderName` varchar(255) DEFAULT NULL,
  `address` varchar(255) DEFAULT NULL,
  `theme` varchar(255) DEFAULT NULL,
  `type` varchar(255) DEFAULT NULL,
  `price` int(11) DEFAULT NULL,
  `wayofpayment` varchar(255) DEFAULT NULL,
  `number` int(11) DEFAULT NULL,
  `total` int(11) DEFAULT NULL,
  `useraId` int(11) DEFAULT NULL,
  `userbId` int(11) DEFAULT NULL,
  `del` int(11) DEFAULT '1',
  `UpdateTime` timestamp NULL DEFAULT CURRENT_TIMESTAMP ON UPDATE CURRENT_TIMESTAMP,
  PRIMARY KEY (`orderId`)
) ENGINE=InnoDB AUTO_INCREMENT=12 DEFAULT CHARSET=utf8;

-- ----------------------------
--  Records of `order1`
-- ----------------------------
BEGIN;
INSERT INTO `order1` VALUES ('8', '古龙山庄', '武汉市·江夏区·乌龙泉街道·灵山村', '朋友聚会,商务会议,休闲娱乐', '小套房', '318', '在线付', '3', '954', '1', '9', '3', '2017-05-09 16:31:41'), ('9', '古龙山庄', '武汉市·江夏区·乌龙泉街道·灵山村', '朋友聚会,商务会议,休闲娱乐', '小套房', '318', '在线付', '2', '636', '1', '9', '1', '2017-05-15 11:00:25'), ('10', '凤翔岛度假村', '武汉市·蔡甸区·大集街凤凰村', '商务会务,休闲度假,观光游览,会晤拓展', '标间', '230', '在线付', '2', '460', '1', '0', '1', '2017-05-22 20:09:06'), ('11', '凤翔岛度假村', '武汉市·蔡甸区·大集街凤凰村', '商务会务,休闲度假,观光游览,会晤拓展', '标间', '230', '在线付', '2', '460', '1', '0', '1', '2017-05-27 14:31:44');
COMMIT;

-- ----------------------------
--  Table structure for `pointgood`
-- ----------------------------
DROP TABLE IF EXISTS `pointgood`;
CREATE TABLE `pointgood` (
  `goodId` int(11) NOT NULL AUTO_INCREMENT,
  `userId` int(11) NOT NULL,
  `classId` int(11) NOT NULL,
  `classt` varchar(20) DEFAULT NULL,
  `UpdateTime` timestamp NOT NULL DEFAULT CURRENT_TIMESTAMP ON UPDATE CURRENT_TIMESTAMP COMMENT '创建时间',
  `del` int(11) NOT NULL DEFAULT '1',
  PRIMARY KEY (`goodId`)
) ENGINE=InnoDB AUTO_INCREMENT=30 DEFAULT CHARSET=utf8;

-- ----------------------------
--  Records of `pointgood`
-- ----------------------------
BEGIN;
INSERT INTO `pointgood` VALUES ('12', '4', '1', 'village', '2017-04-05 17:28:34', '1'), ('18', '3', '40', 'route', '2017-04-10 16:57:48', '1'), ('22', '1', '59', 'route', '2017-04-11 15:23:56', '1'), ('23', '1', '40', 'route', '2017-04-12 14:49:22', '1'), ('25', '3', '1', 'village', '2017-04-25 10:05:44', '1'), ('26', '3', '3', 'village', '2017-04-25 10:06:22', '1'), ('27', '1', '4', 'village', '2017-04-26 11:05:42', '1'), ('28', '1', '1', 'village', '2017-04-28 14:39:25', '1'), ('29', '1', '60', 'route', '2017-05-09 11:34:44', '1');
COMMIT;

-- ----------------------------
--  Table structure for `room`
-- ----------------------------
DROP TABLE IF EXISTS `room`;
CREATE TABLE `room` (
  `roomId` int(11) NOT NULL AUTO_INCREMENT,
  `hotelName` varchar(255) DEFAULT NULL,
  `type` varchar(255) DEFAULT NULL,
  `price` int(11) DEFAULT '0',
  `policy` varchar(255) DEFAULT NULL,
  `wayofpayment` varchar(255) DEFAULT NULL,
  `total` int(11) DEFAULT '10',
  PRIMARY KEY (`roomId`)
) ENGINE=InnoDB AUTO_INCREMENT=72 DEFAULT CHARSET=utf8;

-- ----------------------------
--  Records of `room`
-- ----------------------------
BEGIN;
INSERT INTO `room` VALUES ('1', '盛兴聚贤农庄', '标间/三人间', '128', '不可取消', '在线付', '10'), ('2', '锦里沟原生态农家乐', '普通标准间', '128', '不可取消', '在线付', '10'), ('3', '古潭田园农庄', '竹楼家庭套件【二室一厅】', '298', '不可取消', '在线付', '10'), ('4', '梁子湖新华农庄', '四合院标间', '218', '不可取消', '在线付', '10'), ('5', '清凉寨银杏农家乐', '亲子房', '178', '不可取消', '在线付', '10'), ('6', '扎根农村农庄', '大床房', '88', '不可取消', '在线付', '10'), ('7', '江夏新天地农庄', '标间', '178', '不可取消', '在线付', '10'), ('8', '锦里沟馨亭燕语农家乐', '标准间', '128', '不可取消', '在线付', '10'), ('9', '锦里沟牯石农家乐', '标间', '128', '不可取消', '在线付', '10'), ('10', '浅水湾度假村', '豪华标准间', '180', '不可取消', '在线付', '10'), ('11', '凤翔岛度假村', '标间', '230', '不可取消', '在线付', '10'), ('12', '梁子湖高尔夫俱乐部', '豪华单人房', '330', '不可取消', '在线付', '10'), ('13', '金龙水寨度假村', '标间', '148', '不可取消', '在线付', '10'), ('14', '武汉中州府生态酒店', '四合院标间', '248', '不可取消', '在线付', '10'), ('15', '木兰湖七星岛度假村', '高级别墅', '2300', '不可取消', '在线付', '10'), ('16', '梁湖农庄', '普标', '188', '不可取消', '在线付', '10'), ('17', '武汉天外天度假村', '豪华标准套房', '378', '不可取消', '在线付', '10'), ('18', '武汉木兰龙王山度假山庄', '标准间', '198', '不可取消', '在线付', '10'), ('19', '古龙山庄', '标间', '188', '不可取消', '在线付', '10'), ('20', '江夏梁子湖龙湾度假村', '豪华标间', '298', '不可取消', '在线付', '10'), ('21', '武汉木兰湖丹桂坪度假山庄', '普通标间【将军楼】', '150', '不可取消', '在线付', '10'), ('23', '武汉木兰公寓', '标准间', '150', '不可取消', '在线付', '10'), ('25', '江夏聚闲堂农庄', '【每日特价房】大床房', '99', '不可取消', '在线付', '10'), ('26', '盛兴聚贤农庄', '中式湖景别墅', '1200', '不可取消', '在线付', '10'), ('27', '锦里沟原生态农家乐', '普通大床房', '128', '不可取消', '在线付', '10'), ('28', '锦里沟原生态农家乐', '豪华标准间', '178', '不可取消', '在线付', '10'), ('29', '古潭田园农庄', '竹楼家庭套间【三室一厅】', '498', '不可取消', '在线付', '10'), ('30', '古潭田园农庄', '大床房', '108', '不可取消', '在线付', '10'), ('31', '梁子湖新华农庄', '四合院单间', '218', '不可取消', '在线付', '10'), ('32', '梁子湖新华农庄', '四合院普通套房', '328', '不可取消', '在线付', '10'), ('33', '清凉寨银杏农家乐', '大床房', '188', '不可取消', '在线付', '10'), ('34', '清凉寨银杏农家乐', '标准间', '168', '不可取消', '在线付', '10'), ('35', '江夏新天地农庄', '套房', '208', '不可取消', '在线付', '10'), ('36', '江夏新天地农庄', '豪华套房', '348', '不可取消', '在线付', '10'), ('37', '锦里沟馨亭燕语农家乐', '大床房', '128', '不可取消', '在线付', '10'), ('38', '锦里沟馨亭燕语农家乐', '麻将套房', '178', '不可取消', '在线付', '10'), ('39', '锦里沟牯石农家乐', '大床房', '128', '不可取消', '在线付', '10'), ('40', '锦里沟牯石农家乐', '豪华标间', '180', '不可取消', '在线付', '10'), ('41', '浅水湾度假村', '豪华大床房', '180', '不可取消', '在线付', '10'), ('42', '浅水湾度假村', '临湖别墅', '1500', '不可取消', '在线付', '10'), ('43', '凤翔岛度假村', '12人别墅', '2040', '不可取消', '在线付', '10'), ('44', '凤翔岛度假村', '19人别墅', '2390', '不可取消', '在线付', '10'), ('45', '梁子湖高尔夫俱乐部', '豪华大床房', '330', '不可取消', '在线付', '10'), ('46', '梁子湖高尔夫俱乐部', '标准双人间', '330', '不可取消', '在线付', '10'), ('47', '金龙水寨度假村', '套间', '188', '不可取消', '在线付', '10'), ('48', '金龙水寨度假村', '1-3号木屋别墅', '680', '不可取消', '在线付', '10'), ('49', '武汉中州府生态酒店', '四合院单间', '248', '不可取消', '在线付', '10'), ('50', '武汉中州府生态酒店', '豪华标间', '268', '不可取消', '在线付', '10'), ('51', '木兰湖七星岛度假村', '普通别墅', '1400', '不可取消', '在线付', '10'), ('52', '梁湖农庄', '【三星】麻将套房', '468', '不可取消', '在线付', '10'), ('53', '梁湖农庄', '【四星】普标', '278', '不可取消', '在线付', '10'), ('54', '武汉天外天度假', '豪华景观套房', '378', '不可取消', '在线付', '10'), ('55', '武汉木兰龙王山度假山庄', '豪华套房', '358', '不可取消', '在线付', '10'), ('56', '古龙山庄', '小套房', '318', '不可取消', '在线付', '10'), ('57', '古龙山庄', '大套房', '578', '不可取消', '在线付', '10'), ('58', '江夏梁子湖龙湾度假村', '豪华单间', '278', '不可取消', '在线付', '10'), ('59', '江夏梁子湖龙湾度假村', '豪华三人间', '398', '不可取消', '在线付', '10'), ('60', '武汉木兰湖丹桂坪度假山庄', '普通单间【将军楼】', '160', '不可取消', '在线付', '10'), ('61', '武汉木兰湖丹桂坪度假山庄', '豪华标间/单间【听涛楼/揽胜楼】', '200', '不可取消', '在线付', '10'), ('62', '江夏聚闲堂农庄', '大床房', '128', '不可取消', '在线付', '10'), ('63', '江夏聚闲堂农庄', '亲子房', '168', '不可取消', '在线付', '10'), ('64', '新洲紫薇都市田园', '田园小木屋（单间）', '438', '不可取消', '在线付', '10'), ('65', '新洲紫薇都市田园', '田园小木屋（标间）', '438', '不可取消', '在线付', '10'), ('66', '新洲紫薇都市田园', '田园小木屋（亲子套房）', '818', '不可取消', '在线付', '10'), ('71', '测试', '111', '111', '111', '111', '10');
COMMIT;

-- ----------------------------
--  Table structure for `route`
-- ----------------------------
DROP TABLE IF EXISTS `route`;
CREATE TABLE `route` (
  `routeId` int(11) NOT NULL AUTO_INCREMENT,
  `routeTitle` varchar(50) NOT NULL,
  `routePass` varchar(200) NOT NULL,
  `routeTitles` varchar(50) DEFAULT NULL,
  `routePlace` varchar(50) DEFAULT NULL,
  `routeContent` varchar(1000) DEFAULT NULL,
  `UpdateTime` timestamp NOT NULL DEFAULT CURRENT_TIMESTAMP ON UPDATE CURRENT_TIMESTAMP COMMENT '创建时间',
  `routeWriter` varchar(50) NOT NULL,
  `del` int(11) DEFAULT '1',
  `routeImg` varchar(100) DEFAULT NULL,
  `routeCount` int(11) DEFAULT '0',
  `routeCollect` int(11) DEFAULT '0',
  PRIMARY KEY (`routeId`)
) ENGINE=InnoDB AUTO_INCREMENT=63 DEFAULT CHARSET=utf8;

-- ----------------------------
--  Records of `route`
-- ----------------------------
BEGIN;
INSERT INTO `route` VALUES ('39', '武汉洛斯里克游记', ' 113.955451,30.708624|114.305,30.567432|114.199216,30.232517|114.91901,30.33431|', '教宗沙利万', '依露西尔', '教宗沙利万\r\n　　在冷冽谷的大圣堂里，你见到了传奇人物，当代最伟大的魔道学者，幽邃教团的教宗沙利万。\r\n　　年轻时，沙利万曾是一名法师，他的魔法有着比暗月更深沉的深蓝色。在他四处旅行时，在伊鲁席尔底下发现了罪业之都以及永不熄灭的罪业之火，从那之后，他心中不曾消失的野心之火更是猛烈燃烧。\r\n　　他与结晶老者为友探索魔法的奥秘，他深入卡萨斯地向霸王请教死者的奇迹与深渊的知识，他行走于恶魔遗迹汲取混沌的力量，他身负光明，也不排斥黑暗。\r\n　　当他的老友圣职者艾尔德利奇成为薪王后，邀请他成为幽邃教团的领袖，代替自己管理教众，沙利万毫不犹豫地答应了。\r\n　　教宗骑士有如冷酷的死灵，是沙利万的眼线以及利剑：黑色的魔眼将冷冽谷的战士变成了狂兽一般的征战骑士;从罪业之都带来的罪业之火改变了圣骑士，使她们变成了火焰魔女;从寒霜中，教宗找到了锻造寒气的魔术，将轻薄的利刃发给每一个忠于他的骑士。更别提那些被他训练来看守教会的巨人和魔犬。\r\n　　他不仅将伊鲁席尔的前王室囚禁，更将他们供给艾尔德利奇进食。他还与洛斯里克的王子们结为盟友，试图在传火时改写世界的终局。\r\n　　精通剑术，魔法，奇迹，咒术的大宗师，就站在你的眼前。\r\n　　“沙利万——像你这样的人，为什么要屈居那个食人魔之下呢，没有你的话根本不会有现在的幽邃教团，你难道没想过自己成为薪王吗?”\r\n　　曾有某个位高权重的人这么问他。\r\n　　“因为我了解主上，而你们不了解。”教宗如是回答，“只有他能带领我们走过即将来临的艰苦岁月——我只希望，我们真的能抵达他所梦见的终点，幽邃的时代。”\r\n　　“一切都如我所料，不死队会死在法兰要塞，巨人尤姆会死在罪业之都，妖王会死在它的庭院里，而你——会死在这里。”\r\n　　教宗举起他的双剑——深邃魔法的制裁大剑，与鲜红火焰的罪业大剑。\r\n　　“然后，没有谁可以阻挡伊鲁席尔与洛斯里克的联盟，吞噬神灵的主上将进入最初的火炉，开启新的时代。”\r\n　　如果有旁观者在的话，这一战大概会被传颂百年吧。\r\n　　无火的余灰，挑战幽邃的教宗，还屡占上风。\r\n　　“主上……提到过你……看来他比我更早认识到你的可怕，”沙利万抚摸着致命的伤口，咬牙说道，“那么，就更不能让你活下去了!”\r\n　　他的身体开始变形，你发现他体内长出的枝桠似曾相识。\r\n　　原来如此。', '2017-05-09 10:15:51', 'bOneKop', '2', '/route\\201604251110289601439.jpg', '0', '0'), ('40', '武汉洛斯里克游记', ' 113.955451,30.708624|114.305,30.567432|114.199216,30.232517|114.91901,30.33431|', '妖王庭院', '妖王庭院', ' 在洛斯里克城里，名为人的瘟疫正四处蔓延，每天都有人会突然变成脓疮，四处袭击他人，就连洛斯里克引以为傲的守门双龙也没逃过感染。\r\n\r\n    王子们封闭了下城区，因为他们知道这场瘟疫的根源：他们那不断追求禁忌，最终化身为怪物的老父王欧斯罗艾斯。\r\n\r\n    为了洛斯里克的传承，洛斯里克王室进行过数不清的，令人发指的禁忌仪式，自身残疾的欧斯罗艾斯一心想培养万古不朽的圣王，为此他割断了亲情，对自己的亲生儿子进行了近乎于诅咒的实验。\r\n\r\n    实验很成功，但老国王并没有止步于利用薪王的力量，某一天他与结晶老者在大书库里研究一个禁忌的远古教派时，无意中发现了足以改变世界认知的古书：\r\n\r\n    最古之龙的背叛者，结晶法术的创造者，上古神明之一无鳞白龙的手记。', '2017-04-26 15:28:11', 'bOneKop', '1', '/route\\201604251110285675474.jpg', '2', '2'), ('58', '罗德兰历险记', ' 113.955451,30.835717|114.580959,30.760276|114.10033,30.352263|114.672946,30.290412|', '伊鲁席尔的月亮', '伊鲁席尔', '在过去的世界，本是一片混沌，只有苍天的大树，灰色的岩石，而君临万物顶点的生物便是不朽的古龙。　　在某个机缘巧合（命中注定）的情况下，一棵大树的地下，燃其了一团火焰，后世则称其为最初的火炉。　　之后发生的事情，关注过一代的玩家都已经很清楚了。　　火炉的诞生给世界带来了光与暗（此处我觉得并不是指的物理意义上的光亮与黑暗，因为在CG起初没有火的时候我们也能观测到古龙，古龙生有眼睛，按照达尔文进化论，在初火之前，应该是存在物理的光线的），一些生物从黑暗诞生，**到火炉的周围。　　后来的众神之主，太阳王葛温获得了雷电之力，依扎里斯的魔女获得了火焰的力量，后来的墓王尼特获得了死亡的流量，但，还有一个获得了力量的矮人却不为人所知晓，被称为被遗忘者（我们真不是在演WOW）　　在火炉周围获得了力量的生灵，自然成为了王，建立了自己的文明。　　在初火燃烧之后的新的世界里，万物繁衍，“渐渐的万物有了人性，或者说万物本来就有人性，只是初火之前，人性只是人性。”我知道这句话大家看不懂，这里我只是点一下，这句话我会在后面用单独的章节分析（和世界观关系非常巨大）。　　建立了文明的生物，开始挑战古龙。尼特用死亡的障气精华了大地，老魔女用火焰的力量焚烧了大地（摧毁旧物，新物才有诞生的空间）', '2017-05-09 10:32:04', 'bOneKop', '2', '/route\\201604251110303255323.jpg', '0', '0'), ('59', '罗德兰历险记', ' 113.955451,30.835717|114.580959,30.760276|114.10033,30.352263|114.672946,30.290412|', '小龙人之歌', '小龙人', '而太阳王葛温率领着自己的长子（太阳长男）以及自己的麾下（银骑士）展开了对古龙的讨伐。　　长久的战争的初期，葛温并没有占到便宜，因为古龙身上有不朽的龙鳞，只要无法击溃龙鳞，古龙便是不朽的存在。　　但是某个节点，古龙当中的异类，无鳞的白龙希斯叛变了古龙，投靠到葛温的阵营，战局得以颠覆。　　葛温不但掌握了古龙的弱点，更宛如世界加护一般，葛温的雷电之力可以有效的击溃古龙的鳞片，自然，继承他雷电之力且身经百战的太阳长男成为了猎龙的战神。　　最终，葛温等人战胜了古龙，并几乎将古龙斩尽杀绝，新的时代，火之时代便从此开始。　　葛温创建了伟大的神之文明，后世称其为神代。　　老魔女则回到了依扎里斯，研究火炎。　　墓王去往了大墓地。　　而以被遗忘者为源头，一个诅咒开始慢慢的扩散在这个世界上。　　关于被遗忘者的内容，网络上有几种猜想。　　1.被遗忘者就是人类（与神族不同）的祖先。拿到了力量的被遗忘者，通过繁衍将诅咒散布，所以不死人都是人类。　　（此已被推翻：三代证实银骑士成为黑骑士成为不死人，最后成为了灰烬人。当然如果你要说银骑其实也是人类，和葛温不同，那么这个推翻的论据本身也可以被推翻。）　　2.被遗忘者的物种不清楚，但是他通过某种方式散布了诅咒，具体是有意为之，还是无心之过，这点我们无法考据。　　3.其他，太多了大家自己查资料把。', '2017-04-26 14:51:04', 'bOneKop', '1', '/route\\20164281618393565.jpg', '1', '1'), ('60', '【边走边拍】武汉樱花旅行摄影指南', ' 114.3073,30.571412|114.360192,30.443967|114.394687,30.3742|114.284303,30.3383|', '图文：凯德印象', '武汉', '樱花啊！樱花啊！暮春时节天将晓，霞光照眼花英笑。去看花！去看花！万里长空白云起，美丽芬芳任风飘。又到了一年春天，各地的鲜花竞相开放。各位赏花的旅友和摄友也开始纷纷出门踏春。武汉的樱花在所有国内赏樱目的地中大概是最有影响力的。如今有了高铁，到武汉赏樱也越来越方便。武汉的樱花和美食绝对是春天里让人流连忘返的。', '2017-05-09 11:34:47', 'bOneKop', '1', '/route\\CghzfVTxt9WAR2dRAAMFy6johm8965_C_671_10000_Q90.jpg', '1', '1'), ('61', '【边走边拍】武汉樱花旅行摄影指南', ' 114.3073,30.571412|114.360192,30.443967|114.394687,30.3742|114.284303,30.3383|', '武汉大学', '武汉', '据说，武汉大学校园内有早樱、晚樱、红垂樱等10多个品种的樱花树。的确，可以看得出来有粉红，嫩白，还有绿色的樱花。而且树干大多都很高大，应该都很有历史了。春暖花开的日子里，这里樱花如期开放，凝霞散景、落英缤纷，吸引游人。满树花开，晃眼即过。在武大校园里，除樱园外，第四教学楼、鲲鹏广场、人文科学馆、行政大楼、校医院一带以及工学部主教学楼、信息学部星湖、医学部等处皆有樱可赏。而最佳的赏樱地点，还是莫过于“樱园”，这片直接以“樱”命名的园区了。樱园一带以小日樱花为主，收集了早樱、晚樱和垂枝樱等共6种10余个佳品的樱花，花色丰富，绚丽多彩，枝、干多异且花期不同。', '2017-05-09 10:15:17', 'bOneKop', '1', '/route\\CghzflTxt9eATQ1hAAKsctonAVw556_C_671_10000_Q90.jpg', '0', '0'), ('62', '20170509', ' 114.157822,30.731473|113.688691,30.689744|114.196916,30.24949|', '测试', '测试', '测试', '2017-05-09 10:27:29', 'bOneKop', '1', '/route\\CghzflTxt9eATQ1hAAKsctonAVw556_C_671_10000_Q90.jpg', '0', '0');
COMMIT;

-- ----------------------------
--  Table structure for `spot`
-- ----------------------------
DROP TABLE IF EXISTS `spot`;
CREATE TABLE `spot` (
  `spotName` varchar(255) DEFAULT NULL,
  `address` varchar(255) DEFAULT NULL,
  `image` varchar(255) DEFAULT NULL,
  `photo` varchar(1023) DEFAULT NULL,
  `theme` varchar(255) DEFAULT NULL,
  `service` varchar(255) DEFAULT NULL,
  `introduce` varchar(2047) DEFAULT NULL,
  `gobycar` varchar(255) DEFAULT NULL,
  `gobybus` varchar(255) DEFAULT NULL,
  `spotId` int(11) NOT NULL AUTO_INCREMENT,
  `pos` varchar(255) DEFAULT NULL,
  `issue` varchar(255) DEFAULT NULL,
  `point` float DEFAULT '0',
  PRIMARY KEY (`spotId`)
) ENGINE=InnoDB AUTO_INCREMENT=35 DEFAULT CHARSET=utf8;

-- ----------------------------
--  Records of `spot`
-- ----------------------------
BEGIN;
INSERT INTO `spot` VALUES ('九真山', '武汉市 · 蔡甸区 · 永安街道 · 炉房村九真山景区', 'http://img.cyw.com/shopx/20110826160802906408/shopinfo/201703/2017030411032111.jpg!200x133', 'http://img.cyw.com/shopx/20110826160802906408/shopinfo/201608/2016081716372055.jpg;http://img.cyw.com/shopx/20110826160802906408/shopinfo/201608/2016081809001956.jpg;http://img.cyw.com/shopx/20110826160802906408/shopinfo/201608/2016081809040557.jpg;http://img.cyw.com//shopx/20110826160802906408/shopinfo/201608/2016081716371726.jpg', '森林公园,九峰蝉联,天然氧吧', '营业中，营业时间1月-12月 08:30-17:00', '九真山是AAAA级景区，植被繁茂、沟壑纵横、山泉潺潺、鸟语花香，四季景色迷人。生长于林间的蕨树是与恐龙同时代的植物，同国宝中华鲟一样是受国家保护的活化石。                    \n	 \n\n\n	\n\n\n	景区设施 \n\n\n	武汉大好河山知音·九真景区位于武汉市西郊的蔡甸区永安街九真山国家级森林公园内。九真山海拔高度为276米，被誉为“江汉平原第一高峰”。九真山九峰蝉联，蜿蜒起伏，势若浮龙，旧称“汉阳县之镇山”。景区植被繁茂、沟壑纵横、山泉潺潺、鸟语花香，四季景色迷人。知音坪为景区休闲运动区，包括趣味游戏园、垂钓、篝火晚会、烧烤野营、农耕采摘体验、户外拓展等。锁情台携手攀登520级扶云梯，登临江汉平原最高峰锁情台，既是情感的心路历程，又是爱情的神圣见证。\n\n\n	 \n\n\n	 \n\n\n	\n\n\n	景区环境 \n\n\n	生长于林间的蕨树是与恐龙同时代的植物，同国宝中华鲟一样是受国家保护的活化石。大片的橛树林，繁茂昌盛，郁郁葱葱，每天释放大量的氧离子，经测定空气中的氧离子含量是城市中心区域的十倍以上，形成了绝好的天然氧吧。\n\n\n	 \n\n\n	\n\n\n	景区接待中心 \n\n\n	景区内九真山接待中心，有着三大服务功能：千人大型会议、四星级酒店住宿环境、同时容纳千人用餐，菜系以健康养生特色菜系为主，以生态、环保、健康为核心。\n\n\n	 \n\n\n	 \n\n\n	 \n\n\n	\n\n\n	住宿环境 \n\n\n	客房总数约为93间，另设六栋别墅，总床位数 约173个，朝南客房可观看景区内园景；会议室4个。 酒店标准客房72间，单间客房15间、豪华套房4间、行政套房1间、九真套房1间，等不同类型的房间种类，适应不同层次的客人需求。房内设施完备、先进，有独立中央空调、私人宽敞浴室、全无线WIFI覆盖、国内国际长途直拨电话、室内保险箱等，能够满足客人的不同需求。同时，接待中心还提供客人所需的旅游接待、复印、特快专递、秘书服务、文字翻译、文字处理服务、订票服务、等各种特殊服务。以度假酒店自然风光为依托的婚宴产品，开发并设计中、大型企业社团宴会及当地婚宴市场，设计以度假酒店自然风光为依托的婚宴产品，成为当地独居风格的理想婚礼场所！\n\n\n	 \n\n\n	园景双床房\n\n\n	 \n\n\n	豪华套房\n\n\n	 \n\n\n	棋牌间\n\n\n	 \n\n\n	婚房\n\n\n	 \n\n\n	\n \n\n\n	餐饮环境 \n\n\n	 \n\n\n	 \n\n\n	 \n\n\n	\n\n\n	会议环境 \n\n\n	 \n\n\n	 \n\n\n	\n\n\n	景区游玩体验 \n\n\n	水上游乐、高尔夫球、一世姻缘锁情、知音文化展示、森林穿越运动、丛林野战、森林浴场、垂钓休闲、烧烤露营、天台观景、别墅休闲度假、田园采摘等30余处景点；为游客提供生态度假、商务会议、学习培训、运动休闲等不同档次不同功能的旅游服务产品。春来踏青摘蕨菜、夏至观荷摘西瓜、秋来登高摘蜜橘、冬至踏雪观雾凇。四季土菜风味独特，别墅休闲心旷神怡，绿茵草坪体验高尔夫乐趣！', '线路一：琴台→武汉经济技术开发区→汉宜高速→永安出口右拐约2公里→知音九真景区', '线路二：琴台→武汉经济技术开发区→318国道→奓山街→见永安转盘右转→知音九真景区', '1', '113.962565,30.479907', '本景点只支持在线预订', '4.5'), ('九真桃源', '武汉市 · 蔡甸区 · 永安街道 · 九真桃源景区', 'http://img.cyw.com/temp/shopinfo/2016041516222820.jpg!200x133', 'http://img.cyw.com//temp/shopinfo/2016041516223980.jpg;http://img.cyw.com//temp/shopinfo/2016041516223994.jpg;http://img.cyw.com//temp/shopinfo/2016041516223821.jpg;http://img.cyw.com//temp/shopinfo/2016041516223979.jpg;http://img.cyw.com//temp/shopinfo/2016041516224010.jpg;http://img.cyw.com//temp/shopinfo/2016041516224063.jpg;http://img.cyw.com//temp/shopinfo/2016041516223932.jpg', '森林公园,道教文化,隐逸文化', '营业中，营业时间1月-12月 08:30-17:00', '九真桃源位于武汉市蔡甸区永安街，地处九真山国家森林公园，晴峦耸秀，绿水竞流，道教文化深厚，隐逸文化广传。                    \n	 \n\n\n	\n\n\n	东晋隆安5年(公元401年)，陶渊明赴假还江陵途经此地，得闻九真道教炼丹仙地，且景色幽深秀美，驻足探访，遂写出千古名篇《桃花源记》。2013年蔡甸区人民政府利用九真山生态自然景观，挖掘传统历史文化，投资建设陶渊明文化主题景区——九真桃源。\n\n\n	 \n\n\n	\n\n\n	九真桃源是以陶渊明亲近田园、超凡脱俗的主题思想立意打造，占地面积90公顷，形成“一带三区八景”，建有黛山沁园、阡佰田园、东篱隐逸园、民俗文化村等十大主题项目。景区内溪湾柳间栽桃，屋绕梅余种竹，自成天然之趣，巧假人事之工。小桥流水，鸟语花香，亭台石刻，幽径斜阳，既有良田美池桑竹之属，亦有黄发垂髫怡然自乐之态，恍若世外桃源。正是“花落呼童，竹深留客，似多幽趣，更入深情”。\n\n\n	 \n\n\n	 \n\n\n	\n\n\n	“会心林水，九真桃源”。九真桃源景区集发展生态旅游和弘扬传统文化为一体，已成为都市人们回归山水田园、体验隐逸生活、度假养性修身的4A级景区。', '沌口经济开发区 →318国道 →奓山 →永安转盘（右拐蔡甸方向2公里） →九真桃源景区', '', '2', '113.947739,30.479681', '本景点只支持在线预订', '4.5'), ('云雾山', '武汉市 · 黄陂区 · 李家集镇 · 泡桐街云雾山景区', 'http://img.cyw.com/uploadfiles/420000/2/2012/08/30/8267aeea-717a-4fc4-873b-f9ffccd2467e.jpg', 'http://img.cyw.com/uploadfiles/420000/2/2013/04/07/7719c946-a241-4b40-9832-9a8d45bcb6ba.jpg;http://img.cyw.com/uploadfiles/420000/2/2012/04/16/f3986bd7-803d-4e0e-b4c4-9c5554de2c14.jpg;http://img.cyw.com/uploadfiles/420000/2/2012/01/17/893956ef-5734-4d54-8ae6-c15913d3cd3b.jpg;http://img.cyw.com/uploadfiles/420000/2/2012/04/16/b9764c4a-3f3b-4c84-b2ae-75fdb7ce32d4.jpg;http://img.cyw.com/uploadfiles/420000/2/2012/01/17/e4bef744-df06-414a-890d-7d68b31729d6.jpg;http://img.cyw.com/uploadfiles/420000/2/2012/07/31/b9e28f5b-fe38-4fd5-be0d-d307db14b635.jpg;http://img.cyw.com/uploadfiles/420000/2/2012/04/16/d8e216de-b88c-4bee-b7b9-719d7890d0d8.jpg;http://img.cyw.com/uploadfiles/420000/2/2013/04/07/b84d23c6-47b4-4410-b06c-30ddd1ce32e7.jpg', '十里杜鹃,八里柳溪,一山两教', '营业中，营业时间1月-12月 08:30-17:00', '理由一\n\n\n	云雾山风景区拥有三宝——“杜鹃、泥塑和白鹭鸟”，尤其是黄陂区规模最大、花期最早最长的花海杜鹃，号称“杜鹃王国”，是胜利之花、激情之花，具备“忠、孝、信、义”的品质。\n\n\n	理由二\n\n\n	景区泥塑文化源远流长，始于唐朝，兴于道光年间，是中国泥塑文化艺术的代表，1976年被国家中宣部批准为“中国泥塑之乡”，有“北有泥人张、南有泥人王”的说法。\n\n\n	理由三\n\n\n	云雾山海拔400多米的白鹭林每年春暖花开的时节，吸引着数百万只鹭鸟来此栖息，在巴山湖与天湖、以及群山中飞翔。\n                    \n	 \n\n\n	\n\n\n	景区环境\n\n\n	每逢春夏之交，云雾山杜鹃花红白相间艳丽多姿，漫山遍野竟相开放。像绮丽的彩带飘动在青山幽谷之中，又如烂漫的花海，热烈动人，堪称华中一绝。\n\n\n	 \n\n\n	 \n\n\n	\n\n\n	云雾山集峰，谷，涧，潭，堰，瀑，泉，溪，花，草，石，木，寺观，古寨，古建筑和高大山体于一体。属木兰旅游圈中最高大，最幽深，最原始，最神秘，最纯粹的生态森林风景区。\n\n\n	 \n\n\n	 \n\n\n	\n\n\n	云雾山是大别山脉与江汉平原的过渡地带，总面积21.3平方公里。 \n山内四季分明、日照充足，常年平均气温18℃，雨量充沛、气候宜人。植物种类丰富，有各种树木150余种，中草药材600余种；水体资源更是丰富，河溪纵横，泉瀑相间，滩潭点缀。\n\n\n	\n\n\n	\n\n\n	\n\n\n	白鹭林\n\n\n	白鹭林位于云雾山主门区东北方向两公里处，面积数千亩，满山绿林覆盖着整个山体。每年4月至9月，此处便成为白鹭群的聚集地，会有数万只的白鹭聚集于此。年复一年，鸟群数量逐年增加。春秋季节白鹭聚集，早晨起飞遮天蔽日，夕阳西下鸟儿归林，密密麻麻地栖息在茂密的森林中。\n\n\n	 \n\n\n	\n\n\n	泥人王村\n\n\n	泥人王村为泡桐王氏祖屋，面积 4.4万平方米。该地风光秀丽，民居建筑背倚高山、前临溪水，整个村庄置于山、水、林、泉之中。村庄现有农家十余户，住宅古朴，所有房屋全是干砌石墙，极富特色。这里有传统的农耕文化和淳厚的民风习俗，紧邻村庄的大片农田、打谷场。', null, null, '3', '114.208797,31.106605', '本景点只支持在线预订', '4.3'), ('农耕年华', '武汉市 · 黄陂区 · 武湖农场佳海“农耕年华”生态农业园', 'http://img.cyw.com/uploadfiles/420000/2/2012/05/02/3504185e-396a-49e7-82ba-f710307769f5.jpg', 'http://img.cyw.com/uploadfiles/420000/2/2012/04/17/b6814455-aa67-4bed-96de-42ab8916bd4d.jpg;http://img.cyw.com//shopx/20110703154820421937/shopinfo/2016032415432716.JPG;http://img.cyw.com//shopx/20110703154820421937/shopinfo/2016032415432863.jpg;http://img.cyw.com/uploadfiles/420000/2/2012/07/19/1e303e6f-5424-4dc2-be9b-ce3d1160235c.jpg;http://img.cyw.com/uploadfiles/420000/2/2012/04/17/1525af90-27e9-4bd7-9206-811569814280.jpg;http://img.cyw.com/uploadfiles/420000/2/2011/12/30/51ee322e-35d6-4ff9-ae87-70faec8081a6.jpg;http://img.cyw.com/uploadfiles/420000/2/2012/07/19/9398125d-7d08-4bac-bc2c-b23fd070b194.jpg;http://img.cyw.com/uploadfiles/420000/2/2012/04/17/3435209d-4df9-421d-8b7f-0511e5834bb8.jpg', '农业观光,农园生活,农家饭菜', '营业中，营业时间1月-12月 08:30-17:00', '“农耕年华”农业风情园，四季长青，生机盎然，农林牧渔全面发展；珍稀植物种类繁多，彩树竹林色彩斑斓，青藤缠绕果实累累，花草果瓜香飘满园。飞禽走兽竞展英姿，马鹿奔驰百鸟歌唱，孔雀开屏天鹅振翅，百鸡啼鸣玉兔穿梭；老乡长农家饭特色菜：猪弯弯、牛三样、腌菜鸭血、麦酱烧肉、地道的锅巴稀饭等地道农家菜。                    \n	 \n\n\n	\n\n\n	“农耕年华”农业风情园，坐落在武汉市黄陂区武湖农场汉施公路旁，占地面积3000亩。现为国家AAAA级景区。南濒长江，西临盘龙城，北望木兰山。园区距武汉市中心城区15公里、汉口火车站22公里、武汉天河国际机场25公里、武汉港21公里，交通便捷，四通八达。市内公交车与轻轨、阳逻大桥、天兴洲大桥、汉施公路、汉英公路、巨龙大道，皆可直达。该园系国家级生态农业观光园。目前已建成金牛广场服务区、生态湿地浏览区、农家 美食 休闲区、木屋度假会务区等十二个功能区。\n\n\n	 \n\n\n	\n\n\n	农耕年华该园系国家级生态农业观光园。目前已建成金牛广场服务区、农业科普示范区、农事农活体验区、农具博览游乐区、百果观赏采摘区、藤园彩林浏览区、珍奇动物观赏区、运动健身活动区、登塔眺望烟瘴区、生态湿地浏览区、农家美食休闲区、木屋度假会务区等十二个功能区。\n\n\n	 \n\n\n	\n\n\n	园内吃住行游购娱设施齐全，服务项目成龙配套，硬件软件质量一流，是广大市民学生旅游观光、普及农科知识、体验农家生活、会务休闲度假的绝佳去处。 园内农业旅游资源丰富，农耕作物品种齐全，各类建筑巧夺天工，农耕文化源远流长，农政思想底蕴厚重。\n\n\n	 \n\n\n	\n\n\n	农耕年华农业风情园集农耕园、植物园、动物园、园林园、文化园特色于一身，景色秀丽，风光旖旎，地形地貌错综复杂，目前已有45个自然和人文景观，包括神州第一金牛犁地像、热带植物园、百果园等著名景点。游客来此休闲度假，得林野之风致，赏田园之美景，去尘俗之忧虑，享山水之快乐。\n\n\n	 \n\n\n	\n\n\n	此次推出的野外乒乓球馆、羽毛球馆、草地网球场、生态钓鱼中心等项目创意独特，场面宏大，视野开阔，玩赏效果奇佳，将满足现代“乐活”一族对生活品质理念的追求。游客可以在四面放空的巨大落地窗环视之下边赏景边玩球，有兴趣的游客还可前往农耕年华游览区开展垂钓活动，尽情享受慢生活带来的舒畅快和心灵沐浴。', '线路一：汉口方向—岱黄高速—刘店—巨龙大道—武湖农场—汉施公路—农耕年华', '线路二：长江二桥方向—永清街—二七路—堤角—武湖农场—农耕年华', '4', '114.473054,30.724099', '本景点只支持在线预订', '0'), ('叮当蝴蝶谷', '武汉市 · 黄陂区 · 李家集镇 · 李集街上古寺村九邱湾', 'http://img.cyw.com/shopx/147487708883/shopinfo/201609/2016092616155521.jpg!200x133', 'http://img.cyw.com//shopx/147487708883/shopinfo/201609/2016092616144291.jpg;http://img.cyw.com//shopx/147487708883/shopinfo/201609/2016092616143970.jpg;http://img.cyw.com//shopx/147487708883/shopinfo/201609/201609261614377.jpg;http://img.cyw.com//shopx/147487708883/shopinfo/201609/201609261614379.jpg;http://img.cyw.com//shopx/147487708883/shopinfo/201609/2016092616144227.jpg;http://img.cyw.com//shopx/147487708883/shopinfo/201609/2016092616144375.jpg;http://img.cyw.com//shopx/147487708883/shopinfo/201609/2016092616144061.jpg;http://img.cyw.com//shopx/147487708883/shopinfo/201609/2016092616144491.jpg', '蝴蝶景观,天然氧吧,亲子体验', '营业中，营业时间1月-12月 08:30-17:00', '木兰叮当蝴蝶谷风景区位于风景秀丽的黄陂赶鸡山脉，景区占地3千余亩，湖光山色，鸟语花香，漫步林间小道空气清新，是大自然赋予的天然氧吧。\n                    \n	 \n\n\n	 \n\n\n	\n\n\n	在这里，我们将它建设成为湖北最具特色的蝴蝶景观园，聘请专业人员开展蝴蝶养殖，蝴蝶赏析，标本制作，野生蝴蝶保护等项目研究；在这里，我们会不定期的举行蝴蝶放飞主题活动；在这里，我们会举办各类亲子游园活动，让小朋友们从认识蝴蝶开始感知大自然的美好和奇妙，蝴蝶世界的千姿百态，让小朋友们热爱大自然，热爱自然界的每一个微小生命，这也是我们创办叮当蝴蝶园的初衷！\n\n\n	 \n\n\n	 \n\n\n	 \n\n\n	 \n\n\n	 \n\n\n	\n\n\n	蝴蝶谷是湖北最具特色的蝴蝶景观园，园内有蝴蝶长廊、蝴蝶科普廊、蝴蝶标本馆、昆虫标本馆、蝴蝶谷（活体蝴蝶放飞棚）、蛙池、水上乐园、兔园、登山花境步道、松鼠林、山地牧场、牧场人家、孔雀园、鹦鹉棚等景点。', '线路：武珞路→二环线→武汉大道→黄浦大街→武汉大道→岱黄高速→黄陂大道→李集大道→叮当蝴蝶谷', '', '5', '114.296687,31.042113', '本景点只支持在线预订', '0'), ('大余湾', '武汉市 · 黄陂区 · 大余湾景区', 'http://img.cyw.com/shopx/20111222180129908132/shopinfo/2016031017290132.jpg!200x133', 'http://img.cyw.com//shopx/20111222180129908132/shopinfo/2016022216501310.jpg;http://img.cyw.com//shopx/20111222180129908132/shopinfo/201602221650124.jpg;http://img.cywimg.com/uploadfiles/420000/2/2013/05/19/ce619e40-d121-40e0-9734-0e002c48ad79.jpg;http://img.cywimg.com/uploadfiles/420000/2/2012/05/21/a59f17e9-14e1-4d22-947f-eda0018d4e16.jpg;http://img.cyw.com//shopx/20111222180129908132/shopinfo/201603091724405.jpg;http://img.cywimg.com/uploadfiles/420000/2/2013/04/16/2d08e5c4-95b6-49e5-b06d-bb490c23334a.jpg;http://img.cywimg.com/uploadfiles/420000/2/2012/05/21/aa5267a2-95d3-4315-8479-253d2ca83227.jpg;http://img.cywimg.com/uploadfiles/420000/2/2013/04/16/25046498-e69e-487f-9674-67ce5bfc12db.jpg', '徽派建筑,古色古香,田园风光', '营业中，营业时间1月-12月 08:30-17:00', '大余湾尚书府度假村坐落于中国历史文化名村-武汉黄陂大余湾，毗邻武汉市黄陂木兰山风景区。                    \n	景区简介 \n\n\n	大余湾位于武汉市黄陂区木兰乡双泉村，南距武汉城区68公里。全村有13个自然湾，村民600多户2500多人。其中的大余湾现有村民108户，居民324人，有40多栋明清时期古民居。\n\n\n	 \n\n\n	\n\n\n	大余湾得木兰之灵气，钟灵毓秀，人才辈出。据村谱记载，曾有宋代一门三太守，五代四尚书出自该村。\n\n\n	 \n\n\n	\n\n\n	这里村民聪慧勤劳，雕匠、画匠、石匠、木匠远近闻名，特别是制陶窑匠较多，曾有“十汉四窑匠”之说。如今，这里制陶业仍十分发达，远近百余里还有很多人家保持着用木兰“川里货”的习惯。\n\n\n	 \n\n\n	\n\n\n	大余湾这里，只见一栋栋明清古宅横卧山底，古宅一律石砖黑瓦、雕檐画栋，一条条青石板路蜿蜒其间，乍一看，会让人产生一种错觉，疑是到了江西婺源。\n\n\n	 \n\n\n	\n\n\n	这里有古色古香的民居，这里有口味纯正乡间土菜，这里有逗人捧腹的民间技艺，这里还有无限欢乐为您呈现。飞檐翘角，依山傍水，黑白色调，如诗如画！垒石为墙，泥土做浆，院落方方，鸡鸭猪羊，一幅田园好风光！\n\n\n	 \n\n\n	\n\n\n	斗鸡下注，木偶戏场，地域小调，大刀挥耍，民间技艺尽在此处展现！\n\n\n	 \n\n\n	\n\n\n	大余湾尚书府度假村坐落于中国历史文化名村-武汉黄陂大余湾，毗邻武汉市黄陂木兰山风景区。距武汉黄陂区区政府约15分钟车程，汉口火车站50公里，距武汉天河机场40公里，交通十分便利，是目前黄陂最近最有特色的四星级度假村。\n\n\n	 \n\n\n	\n酒店按照国际四星级标准设计修建，酒店采用徽派园林式建筑风格，一栋餐饮主楼，三栋客房楼，五栋联排别墅，一栋会议中心，酒店各式精致舒适的豪华客房100余间（套），豪华包厢10间，会议中心同时可接待100人会议，中餐宴会厅可接待100人宴会。酒店建筑清新脱俗，别具一格，与旁边的中国历史文化名村-大余湾的明清古建筑群相映生辉，是旅游度假的首选之所。\n\n\n	 \n\n\n	\n\n\n	大余湾尚书府度假村客房 \n\n\n	客房全部由名师倾心设计、古朴典雅、独具品味。宽敞的空间规划使每间客房皆有独立景致。 房间光线充足；临窗远眺，满城秀美的田园景色尽收眼底，令人心旷神怡；\n\n\n	\n\n\n	 \n\n\n	\n\n\n	所有客房提供\"18小时送餐\" 、\"专职管家\"等人性化服务，让您感受家的关怀，是商务宴请、商务会议型客人的最佳选择\n\n\n	 \n\n\n	\n\n\n	大余湾尚书府度假村餐厅 \n\n\n	多功能宴会厅设有100多个餐位，装修复古、厚重，尽显高贵、典雅、温馨。酒店以精美菜肴、精心服务和精致环境为经营宗旨，为客人提供一流的餐饮服务。酒店设有豪华别致、风格古朴归真的VIP包房10间。提供精美菜肴点菜服务，秉持一流服务以满足宾客的不同需求。是您商务聚会、宴请宾客的理想去处。\n\n\n	 \n\n\n	\n\n\n	酒店主营鲜活鱼类、乡间怀旧土菜为主，鄂派名师和乡村婆婆、嫂嫂主理，所有选材均源自于纯天然野生湖泊及田园；农家胖头鱼、煎糖糍粑、农家土豆腐···更多土家菜等你来品尝，唇齿留香，回味无穷！\n\n\n	 \n\n\n\n	大余湾尚书府度假村会议中心 \n\n\n	大余湾尚书府度假村酒店会议中心多功能会议厅，可根据客户需求摆设成为多种会议台型使用。会议室特色风格突出、环境优雅、设备完善，既可以容纳100人左右的大型会议，也可以举办几十人的小型会议，是举办各类商务会议的理想场所。', null, null, '6', '114.37868,31.03289', '本景点只支持在线预订本景点只支持在线预订', '0'), ('天寨沟漂流', '武汉市 · 黄陂区 · 蔡店乡', 'http://img.cyw.com/uploadfiles/420000/2/2012/07/19/09d20ff3-cc0c-4220-a1ed-83beab8e235a.jpg', 'http://img.cyw.com//shopx/20120606115715757344/shopinfo/2016042115303071.jpg;http://img.cywimg.com/uploadfiles/420000/2/2012/06/06/3e807c12-01d2-476d-8cf3-a4f7a571e32b.jpg;http://img.cywimg.com/uploadfiles/420000/2/2012/06/06/d2a4dfae-dff5-4f50-9912-7964ec850ece.jpg;http://img.cywimg.com/uploadfiles/420000/2/2012/06/06/8447829b-e9af-48a9-9d1d-4d023b390dd4.jpg;http://img.cywimg.com/uploadfiles/420000/2/2012/06/06/707d224c-a907-4baf-886a-971fd9b44006.jpg;http://img.cywimg.com/uploadfiles/420000/2/2012/06/06/46592127-f89d-4917-ba90-2e8a4d38d918.jpg;http://img.cywimg.com/uploadfiles/420000/2/2012/06/06/533b5d04-26d4-4b8d-81ea-525292c3fca3.jpg', '武汉漂流,山水风景,土家风情', '营业中，营业时间1月-12月 08:30-17:00', '天寨沟漂流，武汉市第一家漂流，填补了武汉地区无漂流的空白，是唯一一家属于武汉人自己的漂流。                    \n	 \n\n\n	\n\n\n	天寨沟漂流在全省漂流景区独家首创\"一漂穿三景，一站全体验\"的全新旅游方式。景区起漂点和终漂点分别为清凉寨和锦里沟两个国家4A级景区，三大景区连成一线，浑然天成。游客到此，既可参加惊险刺激的森林峡谷漂流;又可在绿野仙踪清凉寨上游山水、穿瀑布，享清凉;还可漫步锦里沟，踩水车、观歌舞，登吊脚楼，尽情感受千年土家风情。来天寨沟漂流景区，一次漂流，多重享受，绝无仅有。\n\n\n	 \n\n\n	\n\n\n	天寨沟，是介于上游的木兰清凉寨景区与下游的锦里沟景区之间的一条比较陡峻的峡谷，通过部分人工修砌，使水道便于漂流艇下行，并增加跌水的数量与强度，体现刺激、惊险又不危险的快感。漂到终点，游客还可与这里的土家妹子对对歌，共共舞。\n\n\n	 \n\n\n	\n\n\n	天寨沟漂流景区位于武汉市黄陂区蔡店街道境内，是武汉市第一家漂流景区，距武汉市主城区仅85公里，车程1.5小时，被誉为\"武汉漂流第一站\"。 在天寨沟漂流，可看青山绿水，与激流相搏，亲身体验回归自然的乐趣。天寨沟漂流河道全长3.8公里，落差136米。河道内森林覆盖，，乘艇漂流穿行在林荫之中，河道中有大小十八龙潭，高低不一的冲滩有惊无险，十分刺激。整个河道林木参天，树木就长在河道中央，遮天蔽日，漂流其间，完全可以免受烈日的熏烤。\n\n\n	 \n\n\n	\n\n\n	漂流河道隐于茫茫森林之中，全长3.8公里，落差高达146米，最长落差180米，单个最大落差20米，全程35个险滩，40余道弯，大小落差28处。河道上游是漂流专用的高山湖泊通天湖，湖水湛蓝、洁净，为漂流提供了充足的水源和安全保障。\n\n\n	 \n\n\n	\n\n\n	河道在森林峡谷中蜿蜒而下，河中飞瀑流泉，潭滩相连，激流跌荡;两岸峰峦叠嶂，古木参天，林荫蔽日，空气清新，百分之九十五以上的河道都在茂密植被的覆盖之中，是清心洗肺的超级\"森林氧吧\",健康休闲的天然梦工场，也是湖北省生态植被最好的森林漂流，有\"最清凉的森林峡谷漂流\"之称;溪中青石密布，溪水碧绿，游鱼无数;林间山花烂漫，飞鸟鸣翠，景色迷人。当您坐在艇上，恰似\"艇在林中走，人在画中游\"。', null, null, '7', '114.228665,31.294485', '本景点只支持在线预订', '0'), ('姚家山风景区', '武汉市 · 黄陂区 · 蔡店乡 · 姚山村', 'http://img.cyw.com/shopx/20150517152229116184/shopinfo/201703/201703231607461.jpg!200x133', 'http://img.cyw.com/uploadfiles/420000/2/2015/05/17/59ee7c0e-493e-4beb-9302-a25226a12c25.png;http://img.cyw.com/uploadfiles/420000/2/2015/05/17/7edd6479-a734-433c-9f77-c83ece6935de.png;http://img.cyw.com/uploadfiles/420000/2/2015/05/17/8bf2945b-1382-42eb-a132-9a568a25b436.png;http://img.cyw.com/uploadfiles/420000/2/2015/05/17/20fa1ff2-59bd-480f-a553-5e2134c46670.png;http://img.cyw.com/uploadfiles/420000/2/2015/05/17/3cab2a15-57b0-4f5c-a7a1-566a70e49e43.png;http://img.cyw.com/uploadfiles/420000/2/2015/05/17/1fbf15c6-6106-4ce7-8db0-ea4c4b4e9310.png;http://img.cyw.com/uploadfiles/420000/2/2015/05/17/647315ad-0222-4145-829f-b7fefeb7abe1.png', '红色旅游,四季常绿,冬暖夏凉', '营业中，营业时间1月-12月 08:30-17:00', '姚家山位于武汉市黄陂区蔡店街道，群山起伏，地势险要，是抗日战争的红色堡垒。姚家山为黄陂北部门户，北连大悟，西接孝昌，南距武汉市中心90公里。姚家山为黄陂北部门户，北连大悟，西接孝昌，南距武汉市中心90公里。姚家山山场面积有1.3万亩之多，山周边有双峰尖、西峰尖、茶山等九座山体相峙环绕，四季常绿、冬暖夏凉。                    \n	 \n\n\n	 \n\n\n	 \n\n\n	\n\n\n	景区环境 \n\n\n	姚家山极具生态旅游优势和利用价值。据蔡店文化站站长郭艾英和姚家山党支部书记姚柳洲介绍：姚家山的山场面积有1.3万亩之多，村湾周边有双峰尖、门前山、赵木山、雅冲、后头山、二份岗、黄牯石、东边山、茶山等山体相峙环绕，群峦竞秀，千峰叠翠，瀑飞泉涌，山野花香。群山之中，沟壑纵横、怪石嶙峋，百态千姿，更有南冲水库和众多的塘堰、坝港、溪流镶嵌其间。这里四季常绿、冬暖夏凉。尤引人关注的是，姚家山除独具自然生态优势，其所蕴涵的红色人文资源也是一道绝无仅有的风景。2014年，“武汉抗日第一村”姚家山免费向市民开放，周边的东谷茶禅文化体验区、西谷农耕湿地观赏区、南谷森林越野区、北谷休闲农业观光区和源泉村温泉休闲生活区等5个旅游区也将相继开放。\n\n\n	 \n\n\n	 \n\n\n	 \n\n\n	\n\n\n	景区餐厅 \n\n\n	 \n\n\n	 \n\n\n	\n\n\n	景区住宿 \n\n\n	 \n\n\n	 \n\n\n	\n\n\n	景区会议', null, null, '8', '114.200322,31.25758', '本景点只支持在线预订', '0'), ('张公山寨', '武汉市 · 青山区 · 白玉山街道 · 严西湖畔', 'http://img.cyw.com/shopx/20110703095829734242/shopinfo/2016033116230965.jpg!200x133', 'http://img.cyw.com//shopx/20110703095829734242/shopinfo/2016021916223161.jpg;http://img.cywimg.com/uploadfiles/420000/2/2013/06/19/c5225033-45e2-4896-888a-e4b56653093e.jpg;http://img.cywimg.com/uploadfiles/420000/2/2013/06/19/39ef54ed-c36e-413a-affc-0fc66c9b4327.jpg;http://img.cywimg.com/uploadfiles/420000/2/2013/06/19/4819d40c-fab1-4a3b-94b3-43867ee88c5d.jpg;http://img.cyw.com//shopx/20110703095829734242/shopinfo/2016021916223416.jpg;http://img.cywimg.com/uploadfiles/420000/2/2013/06/19/bdec4580-5e65-4a3d-a3d2-ab840c222172.jpg;http://img.cyw.com//shopx/20110703095829734242/shopinfo/2016021916223497.jpg;http://img.cywimg.com/uploadfiles/420000/2/2013/06/19/6932a880-dec6-4aa2-9c5d-b9ef4773fb94.jpg', '湖光山色,田园风光,农家情调', '营业中，营业时间1月-12月 08:30-17:00', '景区内有李庄、山寨、吴主大殿、点将台、金狮银象展区、三国古战船、桃花岛、开心农场、严西湖、森林别墅、拓展演习、真人CS战场等。严西湖湿地生态园宛如武汉市内最后一处“世外桃源”，这里湖光山色宜人，水岛星罗棋布，假山依水，风景秀美。湖水清澈、湖面浩淼、碧水绿岛、渔家港汊、农家情调、田园风光、湿地景观、原汁原味、自然纯朴。                    \n	\n \n\n\n	\n \n\n\n	景区设施 \n\n\n	张公山寨位于武汉市洪山区城郊，毗邻武钢白玉山，与东湖风景区隔坝相望。目前景点景区有张公山寨、橘子洲、桃花岛、吴主寺、开心农场、森林别墅、拓展演习、真人CS战场、严西湖几大景点。园内可乘游船游览，是集湿地生态景观、农业休闲、旅游度假为一体的湿地生态园。\n\n\n	\n \n\n\n	\n \n\n\n	景区环境 \n\n\n	湖面2万亩，湖岸线66公里，有99个湖汊，由56个山头环抱。湖水清澈、湖面浩淼、碧水绿岛、渔家港汊、农家情调、田园风光、湿地景观、原汁原味、自然纯朴。湖边的张公山、吴主寺、十美寺、朱山、鼓架山等，遗存有关孙权、朱元璋、刘伯温、楚庄王、张之洞、百花仙子的人文典故，令人寻奇。“山不高而林秀，水不深而澄清”。\n\n\n	 \n\n\n	\n\n\n	吴主禅寺 \n\n\n	传说三国时期，吴主孙权创业鄂州，决胜三国，训练水兵时，由于长江水流湍急和人来人往，船多人杂，安全不利，军情易泄，于是扎寨“鸡公山”，建吴主禅寺，拜望湖观音，籍紫气东来之福，保水军平安！几建几毁，重建于归元寺下院计划中！其道光古钟目前仍音色厚重，钟声远扬！\n\n\n	\n \n\n\n	望湖观音 \n\n\n	始于三国初期吴主孙权建吴主禅寺，几建几毁，今迎供于2008观音节！观音面东望湖，籍紫气东来之福，永保平安！观世音菩萨中国民间多子多福，送子观音等许多美好的传说！\n\n\n	\n \n\n\n	\n \n\n\n	桃花岛 \n\n\n	严西湖上又一半岛、每年桃花盛开，美丽芬芳，桃枝曲美，巧夺太工，大自然造化人间！岛上桃上2000多株、果实甜美、与田园新农村相映成趣！\n\n\n	\n \n\n\n	开心农场 \n\n\n	盛产一年四季瓜果，节假日供游客免费采摘食用，并配备有魔幻厨房，游客可以尽情享受自己的劳动成果。春天有桃子、豆角、番茄、辣椒等；夏天有荷花、莲\n蓬、黄瓜、西瓜、空心菜、茄子等；冬天有桔子等。\n\n\n	\n \n\n\n	\n \n\n\n	严西湖湿地生态园 \n\n\n	严西湖上三面环水这半岛、橘园（5000多株）、湿地步道、沙滩浴场、沙滩排球、沙滩足球、划龙舟、舞龙、烧烤台、观景长廊、湖面游乐场、农家园地等乡村休\n闲胜景，岛上水上探险、梅花桩、空中飞人、七夕桥、智通大通关等，一片欢乐的海洋！\n\n\n	\n \n\n\n	\n \n\n\n	张公铜像 \n\n\n	塑立于2003，张公：张之洞（1837-1909），字孝达，号香涛、香岩，先后担任山西巡抚、两广总督、湖广总督，并两次署理两江总督。这期间，张之洞举办了大量的洋务事业，成为后期洋务派的领袖人物；中国近代军事工业“汉阳造“品牌缔造者，一生历经道光、咸丰、同治、光绪、宣统五朝，几乎与一部晚清史相始终。那是一个中国社会从传统向近代转型的大变动时代，所谓“千古未有之变局”。\n\n\n	\n \n\n\n	\n \n\n\n	李庄建筑 \n\n\n	武汉张公山寨古建民俗文化博物馆李庄是武汉张公山寨置业有限公司参与文化遗产保护创办的抢救保护文物复原项目。庄内展示修复复原的明代官厅、清代官宅、小\n官宅、民宅、书院、绣楼、徽派小民宅、门楼、古牌楼、土地庙、徽派官宅、民国早期古戏台及古建文化街等24处景点，形成一个古建筑民俗文化村落人，让人体\n味江西一带古朴典雅的徽派建筑。', '线路一：武昌（街道口沿线）：水果湖隧道→梨园隧道→欢乐大道→武汉火车站→武鄂高速（S7）沿阳逻大桥方向→北湖、武钢出口下→右转沿景区路标', '线路二：武昌、汉口：三环线→武汉火车站→武鄂高速（S7）沿阳逻大桥方向→北湖、武钢出口下→右转沿景区路标', '9', '114.508163,30.595797', '本景点只支持在线预订', '0'), ('当代薰衣草风情园', '武汉市 · 江夏区 · 五里界镇 · 梁子湖大道童周岭村', 'http://img.cyw.com/uploadfiles/420000/2/2015/04/24/2dbd3772-5471-497a-9cec-797a908d9717.jpg', 'http://img.cyw.com/uploadfiles/420000/2/2015/04/25/21bb358f-c4ad-4d5e-8a1b-17bf8d1c8ff3.jpg;http://img.cyw.com/uploadfiles/420000/2/2015/04/25/48715fdf-ca46-42e7-938f-6fdaff266903.jpg;http://img.cyw.com/uploadfiles/420000/2/2015/04/25/ca16b4b3-510f-4754-bfc4-1d107dfb3f56.jpg;http://img.cyw.com//shopx/20150424122314152927/shopinfo/2016040517392438.jpg;http://img.cyw.com/uploadfiles/420000/2/2015/04/25/86be78e6-2d63-4ab1-b81c-b83e6765645a.jpg;http://img.cyw.com/uploadfiles/420000/2/2015/04/25/da4a3b3e-7172-47b6-97a9-ac6f2b9b5cab.jpg;http://img.cyw.com/uploadfiles/420000/2/2015/04/25/8decbbf9-7304-4b20-9d8b-5740cb53c45b.jpg', '香草花卉,亲子体验,婚纱摄影', '营业中，营业时间1月-12月 08:30-17:00', '当代薰衣草风情园是华中地区最具特色、唯一的薰衣草主题景区，占地4300余亩，今年开放的核心园区占地1500多亩，中有薰衣草300多亩，其他香草植物近1000亩。                    \n	 \n\n\n	\n\n\n	当代薰衣草风情园是华中地区最具特色、唯一的薰衣草主题景区，园区位于江夏五里界梁湖大道距光谷仅二十公里，占地4300余亩，今年开放的核心园区占地1500多亩，中有薰衣草300多亩，其他香草植物近1000亩。园区首期开放可为您提供薰衣草花海赏花区、大马士革玫瑰观赏区、当代农场体验区、综合服务区、婚纱摄影区、帐篷户外区、湖畔草坪区。园区尚在建设但是仍能满足您的赏花游、亲子游、自驾出行、团队郊游、户外烧烤、度假休闲、婚纱摄影方面的需求。\n\n\n	 \n\n\n	\n\n\n	景区特色 \n\n\n	园区内以一望无际的的薰衣草作为底蕴，辅以各种芳香植物及草坪打造浪漫的薰衣草花海核心区。其叶形花色优美典雅，蓝紫色花序颖长秀丽，是庭院中一种新的多年生耐寒花卉，适 宜花径丛植或条植，也可盆栽观赏。可用于建薰衣草专类芳香植物园，做到绿化、美化、彩化、香化一体。既能观赏，又能净化空气、治疗疾病，起到医疗保健的作 用。薰衣草在罗马时代就已是相当普遍的香草，因其功效最多，被称为“香草之后”。自古就广泛使用于医疗上，茎和叶都可入药，有健胃、发汗、止痛之功效，是 治疗伤风感冒、腹痛、湿疹的良药。\n\n\n	 \n\n\n	\n\n\n	浪漫体验 \n\n\n	在欧洲传统中，薰衣草似乎与爱情天然相关，大量的爱情传说或民间习俗都涉及到薰衣草，《薰 衣草代表真爱》是伊丽莎白时代最具代表性的抒情诗。薰衣草的花语 是“等待爱情”，就像电视剧《薰衣草》所演绎的那样，薰衣草意味着一种含蓄的示爱，一种坚定的承诺，历经磨难而终能携子之手。\n\n\n	 \n\n\n	\n\n\n	婚纱摄影 \n\n\n	园区共有薰衣草两百余亩，还有大马士革玫瑰、罗马洋甘菊、兰花鼠尾草、猫薄荷、马鞭草等香草植物，以及油菜花、碧桃、海棠、樱花、桃花、红枫等等满足你们的各种取景需求。不仅是拍摄主题婚纱摄影的首选，同时也可以进行婚礼庆典、集体婚礼、团体相亲等诸多婚嫁主题产品。\n\n\n	 \n\n\n	\n\n\n	亲子体验 \n\n\n	六百亩以薰衣草为主题的香草花海，孩子们亲切的体会原野自然，家长们感受浪漫温馨。赏花、手工体验、自助烧烤、科普讲堂、小小舞台、童子军野外实习、农场采摘、农耕体验、盆栽制作帐篷露营等等，园区定期推出亲子主题活动', '三环线——江夏大道——梁湖大道——薰衣草风情园自驾路线：从武汉到当代薰衣草风情园的自驾路线只有一条。从三环路，民族大道或关山大道进入江夏大道，直走过两个路口，第三个路口左转进入明泽街，直走进入梁湖大道，前行七公里即可到达。', '', '10', '114.450946,30.279552', '本景点只支持在线预订', '5'), ('新洲紫薇都市田园', '武汉市 · 新洲区 · 仓埠街道 · 丰乐寺村特1号', 'http://img.cyw.com/shopx/20150731185442122337/shopinfo/201702/2017021712055627.jpg!200x133', 'http://img.cyw.com//shopx/20150731185442122337/shopinfo/201604011449159.jpg;http://img.cyw.com//shopx/20150731185442122337/shopinfo/2016050610195988.jpg;http://img.cywimg.com/uploadfiles/420000/2/2015/08/07/20150807085407_7199.jpg;http://img.cyw.com//shopx/20150731185442122337/shopinfo/2016050610200156.jpg;http://img.cyw.com//shopx/20150731185442122337/shopinfo/2016050610200151.jpg;http://img.cyw.com//shopx/20150731185442122337/shopinfo/2016040114512974.jpg;http://img.cyw.com//shopx/20150731185442122337/shopinfo/2016050610200080.jpg;http://img.cyw.com//shopx/20150731185442122337/shopinfo/2016040114491340.jpg', '花卉之乡,植物编织,户外游乐', '营业中，营业时间1月-12月 08:30-17:00', '理由一\n\n\n	新洲紫薇都市田园拥有大片精品园林区及数十项极具互动性、体验性的娱乐项目。\n\n\n	理由二\n\n\n	以植物编织文化为主题，这在整个华中地区乃至全国都是独一无二。\n\n\n	理由三\n\n\n	传统园林艺术魅力与现代时尚旅游体验相融合。\n                    \n	 \n\n\n	 \n\n\n	\n \n\n\n	仓埠街是我市闻名的花卉苗木之乡，高杆紫薇、精品桂花等苗圃园区达42个，面积2万余亩，遍布109省道50里道路两旁，每到紫薇、桂花开花时节，花香四溢，成为名副其实的“花香之路”。紫薇都市田园占地2000余亩，按国家4A级旅游景区标准建造，目前种植有大小紫薇100多万株。华中农业大学园艺林学学院博导王彩云教授介绍，紫薇园高杆精品紫薇达1万多株，百年树龄的紫薇就有2000株，这样成片的规模在华中都市独一无二。遍布园区用紫薇编织的各种紫薇亭、紫薇长廊等紫薇扎景达200多处，堪称华中一绝，成为武汉市新花城赏花游“新地标”。\n\n\n	 \n\n\n	\n\n\n	薇都市田园景区以植物编织文化为主题，这在整个华中地区乃至全国都是独一无二的，具有无可比拟的独特性。紫薇都市田园以打造新洲区第一家AAAA级景区为目标，成为武汉市最富特色的陆地机动游乐与水上机动游乐相结合、现代时尚游乐与传统智慧游乐相结合、休闲度假游玩与美食购物相结合、农家生活体验游乐与青少年园林花卉知识科普教育相结合的综合性大型游乐景区。\n\n\n	 \n\n\n	\n\n\n	作为园区主体，该区由多片花木区组成。紫薇都市田园种植紫薇树过百亩，达百万株;培植古桩大树1000多棵，种植高品质丹桂3万余棵，成为华中地区最大的丹桂园，从东湖引进珍稀荷花品种，打造“紫薇特色文化园”，使“赏荷、观薇、品桂”成为华中地区一大特色。进入园区就是随处可赏、随时可见的艳丽百花。\n\n\n	 \n\n\n	\n\n\n	 \n\n\n	\n\n\n	互动娱乐区为大型娱乐活动的重要场所，也是游客休闲娱乐的“嘉年华”。互动娱乐区提供多种多样的互动性娱乐活动，包括引进的各种游乐设施、农家娱乐活动、新锐生活体验活动等。从景区入口直达园区腹地的观光列车景区特设欢乐自行车租赁区，有双人情侣车、三人家庭车、双人并排车、四人欢乐自行车等供游客自由选择，在花海里骑行娱乐，感受花香，好不惬意。\n\n\n	 \n\n\n	 \n\n\n	\n\n\n	园区从国内最大荷花品种基地—东湖荷花品种园引进荷花珍稀品种，种植面积达200余亩，十分壮观。在荷花梯田内，木栈道造型古朴淡雅，精美别致，与荷花相映成趣，加上梯田的落差，俯视荷花，带来更大视觉冲击，是赏荷的最佳选择。游客在荷花池栈道上漫步，犹如置身于荷花仙境，充满诗情画意。\n\n\n	 \n\n\n	\n\n\n	紫薇作为花中精品，是园区主打的标志性植物，树姿优美，树干光滑洁净，花色艳丽;宋代诗人杨万里诗赞颂：“似痴如醉丽还佳，露压风欺分外斜。谁道花无红百日，紫薇长放半年花”，故有“百日红”之称，又有“盛夏绿遮眼，此花红满堂”的赞语，是观花、观干、观根的盆景良材。园中紫薇林成片生长，种植量达百万株，十分壮观。紫薇花期长，寿命长，树龄有达千年的，被广泛栽培为庭园观赏树。\n\n\n	 \n\n\n	\n\n\n	\n\n\n	渔乐广场作为园区的亲水乐园，分为捉鱼区、摸虾区和烧烤区，在捉鱼摸虾的小河上有用紫薇树编织而成的紫薇桥，紫薇花瓣落在水面上与溪水相映成趣，亲子之间相互嬉水捉鱼，充满乐趣。游客捉的鱼虾可自助在烧烤区烹饪。同时广场建有十几个极富特色的紫薇亭和两个长约20米可供游客休憩的紫薇长廊。\n\n\n	 \n\n\n	 \n\n\n	\n\n\n	紫薇田园动物园\n\n\n	 \n\n\n	\n\n\n	紫薇田园小木屋\n\n\n	 \n\n\n	\n\n\n	小伙伴们都来了，你还不知道就OUT了\n\n\n	 \n\n\n	\n\n\n	项目 \n\n\n	\n		\n			\n				自费休闲娱乐项目\n			\n		\n		\n			\n				前后双人自行车\n			\n			\n				30元/小时\n			\n		\n		\n			\n				横排双人自行车\n			\n			\n				40元/小时\n			\n		\n		\n			\n				横排四人自行车\n			\n			\n				50元/小时\n			\n		\n		\n			\n				电瓶车\n			\n			\n				小电瓶车包车50元/趟；大电瓶车包车80元/一趟\n			\n		\n		\n			\n				童车\n			\n			\n				10元/小时\n			\n		\n		\n			\n				小火车\n			\n			\n				单程20元；往返双程30元\n			\n		\n		\n			\n				真人CS枪战\n			\n			\n				30元/15分钟；50元/半小时\n			\n		\n		\n			\n				烧烤烤炉\n			\n			\n				大炉50元/4小时；小炉40元/4小时（赠送配套用具） \n			\n		\n		\n			\n				水上摩托艇\n			\n			\n				60元/两圈\n			\n		\n		\n			\n				小木屋棋牌室\n			\n			\n				200元/4小时\n', null, null, '11', '114.618851,30.820796', '本景点只支持在线预订', '0'), ('木兰古门', '武汉市 · 黄陂区 · 姚家集镇 · 街道', 'http://img.cyw.com/uploadfiles/420000/2/2012/07/23/328f2197-efcb-4a45-a767-04eaf7cc1329.jpg', 'http://img.cyw.com/uploadfiles/420000/2/2012/04/01/5397c056-a0e2-4e99-b5a3-a43fd7f1fc38.jpg;http://img.cyw.com/uploadfiles/420000/2/2012/03/15/dd6304e4-e949-48cb-b56b-8a354f453a6b.jpg;http://img.cyw.com/uploadfiles/420000/2/2012/04/01/c626e6aa-a08d-4189-8bb5-df5868c51b0e.jpg;http://img.cyw.com/uploadfiles/420000/2/2012/03/20/653ee714-c8dc-4703-8257-cca3d47242c7.jpg;http://img.cyw.com/uploadfiles/420000/2/2011/12/23/f443dd64-9527-42dc-8871-8ff6657e38f4.jpg;http://img.cyw.com/uploadfiles/420000/2/2012/03/20/99a31d19-4568-4612-839e-536b18c95627.jpg;http://img.cyw.com/uploadfiles/420000/2/2012/04/01/250bf40b-bdb4-48ec-b921-27ff63743d1b.jpg;http://img.cyw.com/uploadfiles/420000/2/2012/04/01/5d565799-24fc-4f8d-8183-fcddfc1671e3.jpg', '生态山水,湖岸曲回,农家休闲', '营业中，营业时间1月-12月 08:30-17:00', '古门景区面积六千六百亩，其间山水相映，花鸟虫鱼，茶园果树，一切都是那么的突出自然之美。景区南部为平坦地带，四周群山环抱，大小两个半岛向湖面延伸，岛上植被茂密，苍翠欲滴，半岛面积约一百二十多亩，三面临水，水质清澈，水色湛蓝，湖岸蜿蜒曲折，在群山环抱中格外秀美迤俪。景区内还有丰富的粘土 、茶林、山林、果林以及奇花异草、野菜野果等。                    \n	 \n\n\n	\n\n\n	古门的水由海拔三百六十米的山涧顺木兰峡谷而下，沿途接纳山溪泉水，在峡谷中、下段形成声势浩大的瀑布，瀑布区延伸一点五公里，期间大小瀑布起伏跌坨，溪泉交汇，潭溪相接。两岸山脉或陡峭嶙峋或平缓开阔，谷中水流或急流澎湃或宁静和缓。峡谷内共有大型瀑布4处，小型瀑布二十余处，大石滩五处，深潭十多处，山岩溪流4处。您可以下水嬉戏玩耍，抓鱼赏石。\n\n\n	 \n\n\n	\n\n\n	古门景区面积六千六百亩，其间山水相映，花鸟虫鱼，茶园果树，一切都是那么的突出自然之美。景区南部为平坦地带，四周群山环抱，大小两个半岛向湖面延伸，岛上植被茂密，苍翠欲滴，半岛面积约一百二十多亩，三面临水，水质清澈，水色湛蓝，湖岸蜿蜒曲折，在群山环抱中格外秀美迤俪。景区内还有丰富的粘土 、茶林、山林、果林以及奇花异草、野菜野果等。古门的风光，自然的美。\n\n\n	 \n\n\n\n	景区情人谷提供休闲四合院、垂钓、采摘、采茶、沙滩浴场、露营、篝火/会议度假等相关活动。景区有大小歌舞厅、棋牌室、台球、乒乓球等项目供您选择。', null, null, '12', '114.35518,31.272181', '本景点只支持在线预订', '0'), ('木兰天池', '武汉市 · 黄陂区 · 长轩岭镇 · 石门山', 'http://img.cyw.com/uploadfiles/420000/2/2014/03/06/a8688fda-4782-4c28-8808-b59bfb5115cd.jpg', 'http://img.cyw.com//shopx/20120319091559280349/shopinfo/2016040114060394.jpg;http://img.cywimg.com/uploadfiles/420000/2/2012/07/17/a73f7d6b-72ab-494e-b5e5-4d3569492f51.jpg;http://img.cyw.com//shopx/20120319091559280349/shopinfo/201702/2017022614594828.jpg', '浪漫山水,高峡人家,森林公园', '营业中，营业时间1月-12月 08:30-17:00', '理由一\n\n\n	木兰天池是国家5A级景区，也是国家森林公园。景区面积13平方公里， 主要由“浪漫山水”、“高峡人家”和“森林公园”三大主题景园链接成的森林山水大峡谷。\n\n\n	理由二\n\n\n	木兰天池是集休闲，度假，会议，娱乐，观光为一体的综合性旅游度假风景区。\n\n\n	理由三\n\n\n	景区内以观赏飞瀑、溪潭、怪石等景观为主，可谓十步一景、百步一绝。\n                    \n	 \n\n\n	\n \n\n\n	\n \n\n\n	景区环境 \n\n\n	木兰天池风景区位于黄陂区 北部的石门山，距武汉市中心仅55公里，距天河机场仅45公里。整个景区占 地面积4800亩，分为风景游览区和休闲度假区。其主峰海拔520.6公尺，属大别山南麓一脉，这里沟壑纵横，林木茂盛，一年四季流水不断。景区内以观赏飞瀑、溪潭、怪石等景观为主，可 谓十步一景、百步一绝。特别是高山环抱的天池水如明镜， 清澈见底。\n\n\n	 \n\n\n	 \n\n\n	 \n\n\n	\n \n\n\n	酒店住宿 \n\n\n	木兰天池度假酒店环山而建，装饰豪华、典雅、尽显尊贵。酒店功能齐全，有高级VIP套房9间2.2米床面积65平方配电脑，豪华大床房2间2米床，住2人可住22人，豪华标准房115间1.2-1.5米床面积33平米可住230人，同时拥有面积达30余亩的别墅群7栋主卧配电脑1-4号面积380平米，5号580平米，6-7号280平米23双间16单间及坐落山林间的情侣套房6间可住12人，拥有180余间套，全部住2人可住346人，是商务度假的极佳之地。\n\n\n	\n \n\n\n	\n \n\n\n	酒店设施 \n\n\n	木兰天池酒店设有20-400人规格的会议室6间，以其独特的建筑风格，完善的设施，倍受各界瞩目，是召开各种会议的理想之所；一流的音响设备为您提供完美的会议服务，可提供回字形、长方形、U字形、课座式和报告式等多种摆台形式，是您商务办公、会议、培训的理想选择。\n\n\n	 \n\n\n	 \n\n\n	\n \n\n\n	\n \n\n\n	酒店餐饮 \n\n\n	木兰天池度假村木兰天池“美食村”集休闲、购物和饮食为一体，主营黄陂的地方特色菜肴。如:“三合”肉糕、肉丸和鱼丸;干锅野猪肉、麦酱烧肉、炒籽南瓜、 糖蒸肉、小麻鱼也是闻名遐迩。特别是一道白萝卜鲫鱼汤，萝卜是黄陂特有的麦地湾萝卜，香甜有嚼劲儿，鲫鱼潭水野生，汤白而鲜美、浓香。另外， 还有当地的土特产:野小蒜、野芹菜、南瓜尖、地皮菜、马齿苋、野竹叶菜 ……这一些都是未喷洒过农药，自然生长的纯绿色野菜。', '线路一：从武黄高速→汉宜高速→京珠高速上武汉外环至黄陂木兰天池；', '线路二：从竹叶山上岱黄高速公路到黄陂前川→走黄土一级公路→过长轩岭到十棵松左转→然后前行六公里即到。', '13', '114.291344,31.18342', '本景点只支持在线预订本景点只支持在线预订', '0'), ('木兰山风景区', '武汉市 · 黄陂区 · 前川街道 · 城北', 'http://img.cyw.com/shopx/148991373317/shopinfo/201703/2017032009141765.jpg!200x133', 'http://img.cyw.com//shopx/148991373317/shopinfo/201703/201703200914318.jpg;http://img.cyw.com//shopx/148991373317/shopinfo/201703/2017032009143225.jpg;http://img.cyw.com//shopx/148991373317/shopinfo/201703/2017032009143197.jpg;http://img.cyw.com//shopx/148991373317/shopinfo/201703/201703200914313.jpg;http://img.cyw.com//shopx/148991373317/shopinfo/201703/2017032009143254.jpg;http://img.cyw.com//shopx/148991373317/shopinfo/201703/2017032009143267.jpg;http://img.cyw.com//shopx/148991373317/shopinfo/201703/2017032009143218.jpg;http://img.cyw.com//shopx/148991373317/shopinfo/201703/2017032009143215.jpg', '西陵最胜,地质公园,森林公园', '营业中，营业时间1月-12月 08:30-17:00', '理由一 \n\n\n	木兰山风景区位于武汉市黄陂区境内。海拔582.1米，辖区面积78平方公里。\n\n\n	理由二 \n\n\n	国家地质公园、省级风景名胜区、湖北省自然保护小区。\n\n\n	理由三 \n\n\n	享有武汉后花园之称，是木兰生态旅游区的龙头，被明代诗人屠达誉为“西陵最胜，盖三楚之极观”。\n                    \n	 \n\n\n	木兰山是流芳千古木兰将军的故里，因木兰将军而得名。相传木兰代父从军后，屡立战功，被封为“孝烈将军”。后人感其忠 、孝、勇、节，为其立庙、树坊、建祠，先后启建了木兰殿、木兰庙 、唐木兰将军坊、木兰祠，山也因其而更名为“木兰山”。\n\n\n	 \n\n\n	历代骚人墨客竞相登山览胜，唐代大诗人杜牧曾登临木兰山，拜谒木兰庙 ，写下了《题木兰庙》传世佳作：“弯弓征战作男儿，梦里曾经与画眉，几度思归还把酒，拂云堆上祝明妃”。\n\n\n	 \n\n\n	木兰山森林资源丰富，种类繁多，林区面积达3万亩，森林覆盖率达95%。林区内溪流潺潺，林木遮天蔽日，生物多样性在这里 充分体现，各类古树名木一百多种，各类野生动物经常出没森林。\n\n\n	 \n\n\n	特别是野兔、野鸡、野猪、野狐等动物，而且夏季气温比武汉城区低6—8度，为喜好外出森林越野、探险旅游、春游踏青的朋友提供 了得天独厚的场地。2003年被省人民政府批准为省级自然保护小区。', null, null, '14', '114.395863,31.106046', '本景点只支持在线预订', '0'), ('木兰田园', '武汉市 · 黄陂区 · 王家河镇 · 岗上熊村毕田塆', 'http://img.cyw.com/shopx/20141016164939577793/shopinfo/2016011509251047.png!200x133', 'http://img.cyw.com//shopx/20141016164939577793/shopinfo/2016050418584965.jpg;http://img.cyw.com//shopx/20141016164939577793/shopinfo/2016050418585162.jpg;http://img.cyw.com//shopx/20141016164939577793/shopinfo/2016050418584721.jpg;http://img.cyw.com//shopx/20141016164939577793/shopinfo/2016050418584798.jpg;http://img.cyw.com//shopx/20141016164939577793/shopinfo/2016050418584661.jpg;http://img.cyw.com//shopx/20141016164939577793/shopinfo/2016050418584972.jpg;http://img.cyw.com//shopx/20141016164939577793/shopinfo/2016050418584672.jpg;http://img.cyw.com//shopx/20141016164939577793/shopinfo/2016050418585338.jpg', '山野风光,特色农园,田园娱乐', '营业中，营业时间1月-12月 08:30-17:00', '武汉木兰田园位于黄陂木兰生态旅游区环线18公里处，木兰田园北距木兰湖3公里，南距木兰草原4公里，距离黄陂16公里，木兰山以东10公里，距离武汉市中 心52公里，交通极为便利。                    \n	 \n\n\n	\n\n\n	木兰田园占地总面积1756亩，其中田地生态种植266亩(蔬菜、粮食、瓜果)，湖库水面养殖165亩(淡水渔业养殖)，森林植被1325亩(自然山水 风景)。木兰田园主要以原生态农业种植、生态散养香猪、黄牛、山羊、土鸡、淡水鱼为主，利用鹿耳山山水等木兰田园自然资源开展各种户外休闲活动。\n\n\n	 \n\n\n	 \n\n\n	\n\n\n	田园养殖 \n\n\n	木兰田园自有种植田地266亩，种植有各种特色蔬菜瓜果，七彩甘薯、水果甜玉米、黑色土豆、黑色花生、蘘荷、魔芋、鱼腥草、八叶爪、西瓜等山珍野菜!\n\n\n	 \n\n\n	\n\n\n	鹿耳山上养殖有山羊、黄牛、香猪、土鸡，湖库水中养殖有鲈鱼、黑鱼、翘嘴红鮊、鲫鱼、鳊鱼、草鱼、泥鳅等特色鱼种。田园松枝烤土鸡、烤香猪、烤鱼、玉米、蔬菜。乡村厨师不经过任何包装为大家精细烹制香猪肉、土鸡、泡菜等田园美食!木兰田园鸡汤源自鹿耳山松林散养土鸡，采用松枝土灶慢火喂制。木兰田园白酒来自当地传统酒坊，用高粱等粮食采用传统发酵方式酿制而成。\n\n\n	 \n\n\n\n	田园娱乐 \n\n\n	田园休闲接待区、露营烧烤区、鹿耳山观景区、瓜果蔬菜采摘区、户外运动区、路亚钓鱼区环绕鹿耳山水之间，因其原生茂密的森林和环境，而成为崇尚户外运动\n爱好者的首选野营探密之地。\n\n\n	 \n\n\n	\n\n\n	一个集休闲农业旅游观光、休闲娱乐和户外运动、健身度假为一体的原生态型田园山水景区，正以其特有的魅力欢迎你们的来临!\n\n\n	 \n\n\n	\n\n\n	木兰田园野外拓展基地始建于2014年，是华中地区最具生态的野外拓展基地.基地项目有(攀岩、速降、空抓、断桥、木鞋、CS、射箭、电网、竹筏、缅甸\n桥、毕业墙)，自然资源有(丛林穿越、丛林探险、野外生存)，周边木兰湖、木兰草原配套设施有(宾馆、餐厅、会议多功能厅、KTV)。', '线路一：任何一条高速上武汉外环—岱黄高速----黄陂城区(黄陂大道)----滠水桥----火塔公路----彭岗----木兰田园', '线路二：汉口竹叶山----岱黄高速----黄陂城区(黄陂大道)----滠水桥----火塔公路----彭岗----木兰田园', '15', '114.439667,31.003861', '本景点只支持在线预订', '0'), ('木兰花乡风景区', '武汉市 · 黄陂区 · 姚家集镇 · 杜堂村葛家湾58号', 'http://img.cyw.com/shopx/148877549820/shopinfo/201703/2017031413465525.jpg!200x133', 'http://img.cyw.com//shopx/148877549820/shopinfo/201703/2017031413471245.jpg;http://img.cyw.com//shopx/148877549820/shopinfo/201703/2017031413471237.jpg;http://img.cyw.com//shopx/148877549820/shopinfo/201703/2017031413471451.jpg;http://img.cyw.com//shopx/148877549820/shopinfo/201703/2017031413471140.jpg;http://img.cyw.com//shopx/148877549820/shopinfo/201703/2017031413471386.jpg;http://img.cyw.com//shopx/148877549820/shopinfo/201703/2017031413471238.jpg;http://img.cyw.com//shopx/148877549820/shopinfo/201703/201703141347123.jpg;http://img.cyw.com//shopx/148877549820/shopinfo/201703/2017031413471314.jpg', '田园生活,花海旅游,休闲娱乐', '营业中，营业时间1月-12月 08:30-17:00', '理由一\n\n\n	木兰花乡位于武汉黄陂美丽乡村姚集葛家湾，占地面积7000亩，其中一期占地面积2000亩，总投资约3.6亿，是由武汉万中集团精心打造的综合性旅游景区。\n\n\n	理由二\n\n\n	景区距离武汉约66公里，东邻木兰古门，西靠木兰天池，南望木兰山，沿黄土公路直抵景区，交通十分便利。\n\n\n	理由三\n\n\n	木兰花乡依托木兰生态旅游区优越的生态环境，以美丽乡村葛家湾为根源，深度结合民俗文化与自然文化，打造独具特色的武汉乡村游示范景区。\n                    \n	花海旅游度假 \n\n\n	 \n\n\n	 \n\n\n	“木兰花乡”旅游区\n\n\n	位于武汉市黄陂的木兰文化生态旅游区核心腹地\n\n\n	占地约2100亩\n\n\n	成为武汉黄陂花卉旅游名片\n\n\n	▼▼\n\n\n	 \n\n\n	 \n\n\n	以花为媒，结合乡村农林产业\n\n\n	区域木兰文化，融入乡村休闲体验项目\n\n\n	将旅游区建成“以产业为基础\n\n\n	以文化为特色，以乐活为目标\n\n\n	武汉木兰田园美丽乡村新样板\n\n\n	▼▼\n\n\n	 \n\n\n	 \n\n\n	 \n\n\n	以花卉韵味来体验乡村的休闲娱乐\n\n\n	居住度假、农业生产、文化休闲等生产生活功能\n\n\n	构建乡之乐、乡之享、乡之农、乡之闲、乡之情五大乡村生活\n\n\n	打造“休闲木兰”品牌\n\n\n	▼▼\n\n\n	 \n\n\n	\n\n\n	木兰花乡山水度假酒店，依准5星酒店标准建造，占地约10.19亩，房间53间，集餐饮、住宿、会议、娱乐为一体，配套齐全。同时，酒店环境在现有基础上，造型对坡，以红枫和罗汉松点缀，增加球类丰富绿化层次，点缀花卉植物，打造武汉极具人文，赏花风情的民宿酒店。\n\n\n	 \n\n\n	 \n\n\n	 \n\n\n	\n\n\n	木兰花乡景区精心为每一位前来的客人，准备了丰富的节目——游乐嘉年华！这里是游乐和竞技的天堂。真人cs、卡丁车、丛林全地形车、碰碰车、成人拓展、滑索……让您在享受鸟语花香之余，尽情体验运动的刺激与快感！', null, null, '16', '114.395141,31.240421', '本景点只支持在线预订', '0'), ('木兰草原', '武汉市 · 黄陂区 · 王家河镇 · 聂家岗', 'http://img.cyw.com/shopx/20110829164756406792/shopinfo/201604201635121.jpg!200x133', 'http://img.cyw.com//shopx/20110829164756406792/shopinfo/2016030615164328.jpg;http://img.cywimg.com/uploadfiles/420000/2/2014/06/19/a26dbf10-1fd6-45c4-b654-aec3b30128ab.jpg', '草原风光,户外拓展,篝火露营', '营业中，营业时间1月-12月 08:30-17:00', '理由一\n\n\n	木兰草原是湖北十大休闲度假区之一，“木兰八景”之一！\n\n\n	理由二\n\n\n	木兰草原是以草原风情为主题的AAAA级风景区！\n\n\n	理由三\n\n\n	木兰草原风景区融草原风情观光、户外拓展、水上游乐、商务会议、休闲度假为一体！\n                    \n	 \n\n\n	\n\n\n	景区距武汉市城区36公里，最近的高速出口12公里，交通十分便捷。景区规划面积20000余亩，分为草原风情旅游区和休闲度假区，融草原风情观光、户外拓展、水上游乐、商务会议、休闲度假为一体，是目前华中地区唯一的以草原风情为主题的5A级风景区。\n\n\n	 \n\n\n	\n\n\n	景区环境 \n\n\n	漫步王子草场这里有清新的空气，白云和蓝天;你可信马由僵!亦可闲庭漫步!“草原之家”吟唱民族风情，烤全羊盛宴品尝百味人生;尽情放纵的篝火晚会能点燃胸中的欲火，入夜的蒙古寨群留给你快乐永久的回忆。\n\n\n	 \n\n\n	 \n\n\n	\n\n\n	从木兰草原的门楼到白鹭湖的栈桥、洁白的哈达、到饱受风霜的蒙古包、历史久远的敖包，优秀的导游(庄主)通过魅力的演讲仿佛把我们带到了辽阔的北方草原，带领大家一起领略武汉木兰草原悠扬的草原文化和具有传奇的塞北风情。\n\n\n	 \n\n\n	 \n\n\n	\n\n\n	在木兰草原的标志性建筑牛角大门楼前合影后，通过一系列的草原小品，辽阔的草原就展现在您的面前，清澈的白鹭湖、宁静的蒙古部落、飘扬的哈达雕塑，一切是那么的自然、宁静与祥和。\n\n\n	 \n\n\n	 \n\n\n	\n\n\n	武汉木兰草原住房及接待 \n\n\n	武汉木兰草原现有景区和山庄酒店两大部分，酒店集会议室、住房、餐厅等于一体，酒店客房以标准间为主，兼有大床房、三人间、各式套房以及欧式别墅等等，共有床位297个，最大接待近300人;大小会议室各一个，能够接待20人到120人的大小会议，多功能厅一个 (300人)。最多能够容纳300多人参加会议和开展活动，满足客人的不同需求，设施齐备、服务周到，并免费提供茶水和投影;餐厅可以同时接待300人就餐。以及各式包房8个，你可以在这里品尝到独具特色的蒙古美食，如烤全羊、烤羊腿、烤羊排、手抓羊肉等。\n\n\n	 \n\n\n	\n\n\n	拓展训练基地 \n\n\n	武汉木兰草原拓展基地于09年4月在武汉行业协会及各拓展公司专业认识的知道下，建成并投入使用。拓展基地主要包括一组十一个单项项目的组合高架。如攀岩、空中单杠、断桥等等，水上飘、水上荡桥等水上项目以及单独开辟的真人CS野战区。景区规划面积20000多余亩，地形多样，丘陵山区、草原、水面相间，适合小区域的野外定向、露营、各式水上项目等，是企业熔炼团队和开发员工潜能的良好场所!\n\n\n	 \n\n\n	\n\n\n	木兰草原民族歌舞团 \n\n\n	木兰草原民族歌舞表演团也就是内蒙古布乐古德歌舞团，始建于2005年，该团以蒙古族歌舞、音乐、演奏为主要表演形式，常年驻扎木兰草原风景区。是一朵继承弘扬蒙古民族歌舞艺术的奇葩。', '经汉口竹叶山转盘上岱黄高速→经黄陂区上318国道→经黄陂区政府大院→过黄陂二桥→途中见（木兰草原）路口→过彭岗→达木兰草原入口见指示标牌右行即可达景区', '到汉口火车站总站转乘292路（坐7站）到前川客运站公交总站转乘木兰草原景区专线（坐5站）到木兰草原总站下。走到木兰草原景区。', '17', '114.467457,30.960766', '本景点只支持在线预订', '0'), ('武汉木兰三台山风景区', '武汉市 · 黄陂区 · 王家河镇 · 唐保社村三台山风景区', 'http://img.cyw.com/shopx/147477088711/shopinfo/201609/2016092511172744.jpg!200x133', 'http://img.cyw.com//shopx/147477088711/shopinfo/201609/2016092511140693.jpg;http://img.cyw.com//shopx/147477088711/shopinfo/201609/2016092511140436.jpg;http://img.cyw.com//shopx/147477088711/shopinfo/201609/2016092511140586.jpg;http://img.cyw.com//shopx/147477088711/shopinfo/201609/2016092511140587.jpg;http://img.cyw.com//shopx/147477088711/shopinfo/201609/2016092511140425.jpg;http://img.cyw.com//shopx/147477088711/shopinfo/201609/201609251114067.jpg;http://img.cyw.com//shopx/147477088711/shopinfo/201609/2016092511140531.jpg;http://img.cyw.com//shopx/147477088711/shopinfo/201609/2016092511140430.jpg', '自然观光,文化体验,生态休闲', '营业中，营业时间1月-12月 08:30-17:00', '武汉木兰三台山景区是一个集文化体验、生态休闲、主题娱乐、自然观光为一体的综合型景区。景区位于黄陂区王家河街三台村，与中国历史文化名村大余湾仅一山之隔，距离黄陂集散中心不到20公里，距离武汉市中心55公里、天河机场34公里，交通方便快捷。                    \n	 \n\n\n	\n\n\n	景区介绍 \n\n\n	木兰三台山景区总面积达18000亩，现已开发5000余亩。这里山清水秀，自然风光秀丽多姿，有华中地区最高的露天观音铜像，最大的观音纪念堂和最大的本命佛堂，有千年古刹三台古寺，有最传统最正宗的国学文化和禅修课程、灵气最足的禅茶和最可口的美食，还有动感十足的木兰欢乐谷和各种娱乐活动。\n\n\n	 \n\n\n	\n\n\n	佛像 \n\n\n	圣像净高20米，是华中地区最大的露天观音铜像，与普陀山观音系出同门，但还要高3米。整个造型容貌端庄，五官秀美细腻，广额弯眉，显露出安然慈祥的表情。凤眼微启，双眼低垂，唇角身凹，微微上翘，浮现出一丝若隐若现的笑意，显得饱满秀美、妙丽庄严。衣褶层次明快清晰，自然舒卷，显得流畅飘拂。整座铜像神态安宁，法相慈悲庄严，具有很高的艺术价值。\n\n\n	 \n\n\n	\n\n\n	文化体验区 \n\n\n	三台书院里不仅可以品茗赏古乐，还可以禅修悟道，不定期还能聆听到高僧名家前来布道讲学，还有名家的书画展览。将艺术、学术、宗教和文化融合为一体，与休闲旅游相结合，着力呈现禅宗哲学的闲寂、自然与质朴，满足现代都市人寻求心灵归属的体验需求。\n\n\n	 \n\n\n	\n\n\n	春天桃花、樱花海棠，百花争艳，有机茶园里茶香四散；夏季七彩莲花池的莲花摇曳生辉，紫藤花浪漫美丽，一个个硕大可口的桃子清香扑鼻，一个个晶莹剔透的蓝莓让人垂涎欲滴；秋天桂花香飘十里，菊花迎霜独立，李子、晚熟的桃子香甜可口；冬天最美的除了雪花还有凌寒独自开的腊梅。在这里，你可以与温顺可爱的梅花鹿为伍，还可以撩一撩蠢萌蠢萌的羊驼。明年，这里的温泉也是武汉近郊唯一的一家温泉将正式开门迎客。', '线路：沿江大道→黄浦大街→武汉大道→岱黄高速→黄陂大道→武汉木兰三台山风景区', '', '18', '114.428278,31.015727', '本景点只支持在线预订', '0'), ('武汉木兰玫瑰园', '武汉市 · 黄陂区 · 长堰胜天村', 'http://img.cyw.com/shopx/20141014161809670768/shopinfo/201606/2016060409025989.jpg!200x133', 'http://img.cyw.com//shopx/20141014161809670768/shopinfo/2016040409372234.jpg;http://img.cyw.com//shopx/20141014161809670768/shopinfo/2016040409394734.jpg;http://img.cywimg.com/uploadfiles/420000/2/2014/10/14/a2b42b6b-7446-4bcc-bf73-0633dcab0c1d.png;http://img.cyw.com//shopx/20141014161809670768/shopinfo/2016040409394795.jpg;http://img.cywimg.com/uploadfiles/420000/2/2014/10/14/e1497790-f5fc-4590-b63e-fd1eebf55f08.png;http://img.cyw.com//shopx/20141014161809670768/shopinfo/2016040409372327.jpg;http://img.cyw.com//shopx/20141014161809670768/shopinfo/201604040943211.jpg;http://img.cywimg.com/uploadfiles/420000/2/2014/10/14/9b5e6db8-02ce-4f84-b1e9-f183c551f717.png', '玫瑰花海,游船观光', '营业中，营业时间1月-12月 08:30-17:00', '木兰花园坐落于湖北省武汉市黄陂区王家河街道胜天村，与木兰草原、胜天农庄相连。距武汉市中心42公里，距黄陂前川城区16公里。木兰花园是武汉地区最大规模玫瑰园，种植2000余亩玫瑰家族中被誉为“皇冠”的保加利亚大马士革玫瑰和1000多亩观赏玫瑰，花色分为红、粉、黄、白、复色五大色系。                    \n	 \n\n\n	\n\n\n	武汉木兰玫瑰园坐落于木兰生态旅游环线(火塔线18公里处，距离木兰草原8公里)，距离市中心46公里，开车1小时就可以抵达木兰玫瑰园景区欣赏万亩玫瑰!武汉木兰玫瑰园公司成立于2007年，景区历经七年的建设，于2014年9.25号开园营业，玫瑰园景区主营保加利亚等各种玫瑰花种植、玫瑰花深加工、玫瑰花园景区观光等业务。\n\n\n	 \n\n\n	\n\n\n	武汉地区最大规模的玫瑰园：园内种植有2000余亩被誉为“皇冠”的保加利亚大马士革玫瑰和1000多亩观赏玫瑰，花色分为红、粉、黄、白、复色五大色系；\n\n\n	武汉地区最丰富的天然氧吧：园区内山岭起伏、湖泊点缀，植被资源十分丰富，空气富含负氧离子。\n\n\n	\n\n\n	 \n\n\n	\n\n\n	武汉地区最清许水域：园区水域面积达389亩，周围100公里范围内没有污染源，通过植被岩层过滤，以及人工有意识的保护，水质一级可直接饮用。游客以游船、观光车、栈道等多种方式远近距离观赏玫瑰。\n\n\n	 \n\n\n	 \n\n\n	 \n\n\n	\n\n\n	跨过无数的田野，我们来到玫瑰山下，这里有山峦和湖水，走向蓝色的湖水和突兀的山岩，这里是你应该驻足的地方——木兰玫瑰花园。', '从武汉市区驾车到黄陂，进入王家河/长堰方向，按指引牌到达木兰玫瑰园。', '汉口火车站乘坐292到达黄陂城区前川终点站，乘坐前川至长堰中巴车，终点站下车，按指引牌到达木兰玫瑰园', '19', '114.446678,31.028213', '本景点只支持在线预订', '0'), ('武汉梁子岛', '武汉市 · 江夏区 · 梁子湖江夏码头', 'http://img.cyw.com/shopx/20130830085103050711/shopinfo/201609/2016090714395865.jpg!200x133', 'http://img.cyw.com//shopx/20130830085103050711/shopinfo/201609/2016090714411595.jpg;http://img.cyw.com//shopx/20130830085103050711/shopinfo/201609/2016090714411634.jpg;http://img.cyw.com//shopx/20130830085103050711/shopinfo/201609/2016090714411727.jpg;http://img.cyw.com//shopx/20130830085103050711/shopinfo/201609/2016090714411622.jpg;http://img.cyw.com//shopx/20130830085103050711/shopinfo/201609/201609071441174.jpg;http://img.cyw.com//shopx/20130830085103050711/shopinfo/201609/2016090714411773.jpg;http://img.cywimg.com/uploadfiles/420000/2/2013/08/30/86f62206-ebb4-44a7-9722-76312f65491f.jpg;http://img.cywimg.com/uploadfiles/420000/2/2013/08/30/11ec39db-822e-470b-be58-49726499863b.jpg', '湖光山色,螃蟹水产,湖岛度假', '营业中，营业时间1月-12月 08:30-17:00', '梁子湖是湖北省容水量最大的淡水湖之一，湖面面积位居全省第二，是驰名中外的武昌鱼的故乡。螃蟹也是当地特色产品。梁 子湖东西长82公里，南北长22公里，由316个湖汊组成，湖面42万亩，流域面积3260平方公里。                    \n	 \n\n\n	\n\n\n	梁子湖以三大特色著称 \n\n\n	水清：水体清澈，水质纯净，无任何污染；\n\n\n	秀丽：湖山相接，水天相连， 让人心旷神怡；\n\n\n	奇特：湖中有宝岛，岛中有奇湖，湖心又有岛，岛蔚为壮观。\n\n\n	 \n\n\n	 \n\n\n	\n\n\n	梁子岛美食 \n\n\n	梁子湖是湖北省第二大湖，三分之二水面在江夏区境内。湖水清澈，水质达二级标准。所产螃蟹个大、肚白、肉鲜、味美。不输阳澄湖大闸蟹。梁子岛不仅风景优美、空气清新、游玩项目多、岛上除了螃蟹，还有很多其他的水产品可以出入，胖头鱼、黄骨鱼、大白刁、螺丝等，价格那是肯定比武汉可爱！而且那味道啊~鲜美的不行！\n\n\n	 \n\n\n	 \n\n\n	 \n\n\n	\n\n\n	梁子岛是个以旅游观光为主的小镇，这里空气清新最适宜夏日度假，观光，写生，对于喜欢垂钓的朋友着里自然成为了另一个 最佳地点，夏季可以体味湖风吹拂的凉意，呼吸荷糖的清香，还可以在湖中感受畅游500米的乐趣，每年的9月底还有热闹的开湖节,可以品尝到美味的梁子湖鱼，十月这里还有最火的梁子湖螃蟹。岛上观赏烟花自是另一种美，湖光月色的衬托总让人有种身处异地的感觉。', '1、北咀码头：武汉三镇 三环 汤逊湖北下笔直走 到江夏大道 笔直走 看到路标梁子湖大道左拐，走到头右拐进入梁子湖大道，笔直走到头就是龙湾度假村 北咀码头位于龙湾度假村内', '2、升华码头：武汉三镇—光谷大道—过湖北经济学院第一个路口右转到流芳路—第三个路口左转走凤凰园三路到头—左转行车300米左转—之后大道15分钟左右看到有标示到升华码头', '20', '114.598099,30.330527', '本景点只支持在线预订', '0'), ('汉南喜鹊湖花海', '武汉市 · 汉南区 · 湘口街五支沟与s321省道交汇处', 'http://img.cyw.com/shopx/20150902122000465544/shopinfo/201609/2016090610350223.jpg!200x133', 'http://img.cyw.com/uploadfiles/420000/2/2015/09/07/20150907094540_7176.jpg;http://img.cyw.com//shopx/20150902122000465544/shopinfo/2016051819403840.jpeg;http://img.cyw.com//shopx/20150902122000465544/shopinfo/2016051819403943.jpg;http://img.cyw.com//shopx/20150902122000465544/shopinfo/2016051819403748.jpg;http://img.cyw.com/uploadfiles/420000/2/2015/09/07/20150907155938_3807.jpg;http://img.cyw.com//shopx/20150902122000465544/shopinfo/201606/201606301027310.jpg;http://img.cyw.com//shopx/20150902122000465544/shopinfo/201606/2016063010273126.jpg;http://img.cyw.com//shopx/20150902122000465544/shopinfo/2016051819403989.jpg', '湖光山色,花景似海,野趣天成', '营业中，营业时间1月-12月 08:30-17:00', '理由一\n\n\n	这里风光秀丽、树木葱茂、湖光青渺、花景似海、湿地清澈、烟霞如锦、野趣天成\n\n\n	理由二\n\n\n	生态园不仅能赏花，还有供游客吃饭住宿的场所——喜鹊湖生态农庄，它按照四星级酒店标准建造。\n\n\n	理由三\n\n\n	园区以生态开发为宗旨，集现代农业种植、养殖、农业科普教育、农业观光、户外休闲、湿地保护为一体的生态农业观光园。\n                    \n	 \n\n\n	\n\n景区环境 \n\n	这里风光秀丽、树木葱茂、湖光青渺、花景似海、湿地清澈、烟霞如锦、野趣天成，力争成为武汉市规模最大、品级最高、游览功能最齐全的生态观光园。\n\n\n	 \n\n\n	 \n\n\n	\n\n喜鹊湖生态农庄 \n\n	生态园不仅能赏花，还有供游客吃饭住宿的场所——喜鹊湖生态农庄，它按照四星级酒店标准建造，位于园区的入口处，是园区的游客接待中心。农庄包括餐饮区、客房区、休闲区、会议室和棋牌室等，可同时容纳400人进餐，有44间客房，多功能会议室可容纳100余人进行会议。\n\n\n	 \n\n\n	 \n\n\n	\n\n\n	垂钓 \n\n\n	园区试营业期间将开放一个垂钓池供爱好垂钓的游客钓鱼。鱼池类鲫鱼、草鱼、鲤鱼、虾、鲢鱼众多，周边环境优美，游客会充分体验到垂钓的乐趣。\n\n\n	 \n\n\n	\n\n螃蟹 \n\n	汉南喜鹊湖螃蟹基地紧邻长江武汉段最上游与东荆河交汇处，水源和空气等环境资源得天独厚。喜鹊湖螃蟹的生长是一个绿色生态链。个个体态丰满、内质鲜嫩。以\n前，90%以上的产品都借道江浙一带出口到东南亚，被誉为是“贵族”螃蟹，今年，由于喂养技术更加成熟总产量达近1400吨。\n\n\n	 \n\n\n	\n\n\n	金花葵茶 \n\n\n	金花葵又名野芙蓉，是大型一年生草本植物，叶形奇特，原本生长在深山崖隙间，古时民间常把它作为珍贵食用花卉。现代医学研究发现，金花葵的果实或花粉中含\n在大量的生物黄酮，还含有大量对人体有益的微量元素硒、锌、铁、多种不皂化物等，能调节人体内分泌，增强人体的免疫力、改善心脏血管及微循环功能，增强机\n体抗氧化能力，消除人体自由基；具有抗心脑缺血缺氧、消炎镇痛，抗疲劳、抗衰老、抗癌防癌，降血糖血脂功等神奇功效。\n\n\n	 \n\n\n	\n\n\n	二次消费价目表 \n\n\n	\n		\n			\n				\n					项目\n				\n				\n					收费标准\n				\n				\n					备注\n				\n			\n			\n				\n					押金\n				\n				\n					单人次\n				\n				\n					家庭(3人)\n				\n			\n			\n				\n					钓虾\n				\n				\n					50元/套\n				\n				\n					15元/次\n				\n				\n					30元/次\n				\n				\n					提供钓竿，桶，20元/斤\n				\n			\n			\n				\n					摸鱼\n				\n				\n					\n				\n				\n					10元/半小时·次\n				\n				\n					30元/半小时·次\n				\n				\n					赠手套\n				\n			\n			\n				\n					烧烤\n				\n				\n					50元/套\n				\n				\n					40元/套\n				\n				\n					含调料及碳\n				\n			\n			\n				\n					自行车(2人)\n				\n				\n					100元/辆\n				\n				\n					30元/小时\n				\n				\n					\n				\n			\n			\n				\n					自行车(4人)\n				\n				\n					100元/辆\n				\n				\n					40元/小时\n				\n				\n					\n				\n			\n			\n				\n					趣味捡鸭蛋\n				\n				\n					\n				\n				\n					20元/人\n				\n				\n					10个鸭蛋\n				\n			\n			\n				\n					充气游乐场\n				\n				\n					\n				\n				\n					20元/人\n				\n				\n					半个小时\n				\n			\n			\n				\n					儿童手摇船\n				\n				\n					\n				\n				\n					10元/人\n				\n				\n					10分钟\n				\n			\n			\n				\n					无人机表演\n				\n				\n					\n				\n				\n					不收费\n				\n				\n					\n				\n			\n			\n				\n					垂钓\n				\n				\n					50元/套\n				\n				\n					12元/斤\n				\n				\n					\n				\n			\n		\n	\n\n\n	\n\n\n	采摘项目 \n\n\n	\n		\n			\n				\n					项目\n				\n				\n					收费标准(元/斤)\n				\n			\n		', null, null, '21', '113.849964,30.213587', '本景点只支持在线预订', '0'), ('江夏八分山', '武汉市 · 江夏区 · 纸坊街道 · 八分山', 'http://img.cyw.com/temp/shopinfo/2016041416445861.jpg!200x133', 'http://img.cyw.com//temp/shopinfo/2016041416451925.jpg;http://img.cyw.com//temp/shopinfo/2016041416451315.jpg;http://img.cyw.com//temp/shopinfo/2016041416451189.jpg;http://img.cyw.com//temp/shopinfo/2016041416451462.jpg;http://img.cyw.com//temp/shopinfo/2016041416451424.jpg;http://img.cyw.com//temp/shopinfo/2016041416451439.jpg;http://img.cyw.com//temp/shopinfo/2016041416451169.jpg;http://img.cyw.com//temp/shopinfo/2016041416451255.jpg', '石窟寺,岩溶洞,登远山', '营业中，营业时间1月-12月 08:30-17:00', '八分山里有白云洞，有武汉现存唯一的石窟寺，由天然石灰岩溶洞组成，被誉为“武汉最具自然特色的山”。它北临一0七国道，乡镇，黄金桥，远山，长江，大桥……东头可以鸟瞰全城。                    \n	 \n\n\n	 \n\n\n	\n\n\n	八分山在江夏县东南50里，即今武昌县城(现江夏区)纸坊附近。此山有水分流如八字，故名。《建康录》曰：“武昌有山无林，政可图始，不可居终，山分八字，数不及九”，指的就是八分山。山旁在明时还有因山得名的八分湖、八分院。八分山里有白云洞，有武汉现存唯一的石窟寺，由天然石灰岩溶洞组成，被誉为“武汉最具自然特色的山”。\n\n\n	 \n\n\n	 \n\n\n	 \n\n\n	 \n\n\n	 \n\n\n	\n\n\n	八分山上眺望江夏区纸坊街 \n山腰有飞锡泉，唐贞观年间有骆禅师游方(按：佛家语称为“飞锡”，即持锡杖云游四方)至此，建为道场，故名。该泉无论久旱、甚雨，两不盈涸，朝廷赐庙名为灵济南。据说建庙以后，很少有灾荒，一方百姓获益不浅。1187年(宋淳熙十四年)赐封该庙为嘉泽候，1193年(绍熙四年)再加“显应”二字。1200年(庆元六年)夏旱，地方官奉命祷雨于庙，大获甘霖，四郊沾足，遂成丰年，又赠“灵惠”二字。相传元代郡守李贞登山祈雨，“有巨蟹如白龙人潭，黑龙渤起，雷雨大作”。此庙后不复存。明清时代，在山顶有八分寺，又有兹云寺。山颠有子午石，身方顶圆，群石环之，遇旱祷雨皆在石前，故八分山在清代为省会朝山。1807年(清嘉庆十二年)湖广总督汪志伊亲至山上祷雨，并于子午石正面镌“八分山之神”，左旁镌“子午石”共8字。', '', '', '22', '114.298972,30.363753', '本景点只支持在线预订', '0'), ('清凉寨', '武汉市 · 黄陂区 · 蔡店乡 · 刘家山村', 'http://img.cyw.com/shopx/20120410155949523359/shopinfo/201609/2016091517595937.jpg!200x133', 'http://img.cyw.com//shopx/20120410155949523359/shopinfo/201609/2016091517562875.jpg;http://img.cyw.com//shopx/20120410155949523359/shopinfo/201609/201609151756286.jpg;http://img.cyw.com//shopx/20120410155949523359/shopinfo/201609/2016091517563059.jpg', '峡谷风情,怀古山寨,纳凉圣地', '营业中，营业时间1月-12月 08:30-17:00', '理由一\n\n\n	武汉市最美的山寨—木兰清凉寨旅游风景区，座落于武汉市黄陂区蔡店乡刘家山村境内，距武汉市城区85公里，东与大悟县毗邻，北同孝昌县接壤。\n\n\n	理由二\n\n\n	景区总面积约10平方公里，海拨最高处800余米，酷暑夏日（七月）平均气温20.1-20.7度，是武汉市原始生态休闲首选处。\n\n\n	理由三\n\n\n	是武汉及其周边城区市民热捧的“云中水榭纳凉胜地、峡谷峰峦避暑山庄”。\n                    \n	 \n\n\n	\n\n\n	建成了清凉峡谷风情区、刘家山村民俗区、西峰古寨怀古区三条主导旅游线路，以及多功能的综合服务区，开发旅游景点55个，日接待游客能力达2万人次，住宿、餐饮可一次性接待500余人，是武汉市唯一可供3日游的旅游风景区。\n\n\n	 \n\n\n	 \n\n\n	\n\n\n	新建的停车场，面积约8000余平方米，加上原有的停车场，可一次性停车500辆。客房、餐厅也同步增加，使景区接待能力明显增强。清凉峡谷风情游线以大山深处的通天湖、酒醉湖为轴心，将汇聚原始生态青山绿水、奇木珍禽的牛郎谷、飞流谷、清香谷连成一体，给游人反扑归真、回归自然的原始野趣。\n\n\n	 \n\n\n	\n\n\n	西峰古寨怀古区为武汉市绝无仅有的登高览胜之地，刘家山村民俗游线的刘家山村有近千年历史，是武汉市人居海拔最高、地域最远的深山古村落，这里民居建筑古朴、百年银杏成群、千亩茶树满山、连片竹林绕村，更有小桥流水。\n\n\n	 \n\n\n	\n\n\n	住宿环境 \n\n\n	景区目前拥有各类单人间、标准间、三人间、豪华套间以及别墅商用楼，可一次性接待宾客近500人，并有为之配套的丰简由人的以黄陂地方特色农家菜为主的游客餐厅，副食、百货均有供应。同时，还备有分别能接纳20人到150人的宽敞会议厅。新颖别致的多功能厅具备先进的KTV功能。\n\n\n	 \n\n\n	酒店外观\n\n\n	 \n\n\n	标间\n\n\n	 \n\n\n	大床房\n\n\n	 \n\n\n	大厅', '竹叶山（或者从武汉三环线走盘龙大道）-黄陂城区-长岭-姚集大桥-蔡店乡-清凉寨', '', '23', '114.225205,31.298066', '本景点只支持在线预订', '0'), ('白云洞', '武汉市 · 江夏区 · 纸坊街道 · 城西', 'http://img.cyw.com/temp/shopinfo/2016041416163221.jpg!200x133', 'http://img.cyw.com//temp/shopinfo/2016041416164062.jpg;http://img.cyw.com//temp/shopinfo/2016041416164010.jpg;http://img.cyw.com//temp/shopinfo/2016041416164110.jpg;http://img.cyw.com//temp/shopinfo/2016041416164126.jpg;http://img.cyw.com//temp/shopinfo/2016041416164164.jpg;http://img.cyw.com//temp/shopinfo/2016041416164122.JPG;http://img.cyw.com//temp/shopinfo/2016041416164224.JPG;http://img.cyw.com//temp/shopinfo/2016041416164255.JPG', '溶洞奇观,泉水淙淙,冬暖夏凉', '营业中，营业时间1月-12月 08:30-17:00', '白云洞位于江夏区纸坊镇城西，八分山南麓。该洞为一天然大溶洞，纵穿于一座石山，全长300余米，由前洞、中洞、天井和后洞组成。                    \n	 \n\n\n	 \n\n\n	\n\n\n	洞中冬暖夏凉，泉水淙淙，遍布石刻和钟乳石。前洞口顶镌刻的“白云洞”三字，为明代兵部尚书熊廷弼所书。民间传说昔日黄鹤飞离黄鹤楼后，曾在此栖息，并留下“白云黄鹤”之说，故由此得名“白云洞”。\n\n\n	 \n\n\n	 \n\n\n	\n\n\n	白云洞为一典型喀斯特溶洞。洞口宽10余米，已开发游程千米，最高处20余米，最宽处30余米。洞内钟乳石千姿百态，丰富多彩。钟乳、石笋或悬或挂，或拔地突兀。\n\n\n	 \n\n\n	 \n\n\n	 \n\n\n	\n\n\n	洞壁溶岩如慢如帐，洞内怪石蹲伏若兽，突起如塔。钟乳垂地与石笋相接，如宫廷云柱支撑洞顶。溶岩堆积，状若佛像跌座莲台。\n\n\n	 \n\n\n	 \n\n\n	 \n\n\n	\n\n\n	洞中泉水，四季不涸，滴水汇积，潭潭池水深浅莫测。洞中套洞，千回百转，叉洞纵横，条条游道曲径通幽。洞中有山、有水、有池、有“天井”，处处景色各异。钟乳石似石莲、石鼓、石狮、瀑布、神台、石佛，点点是景。', '', '', '24', '114.295115,30.355362', '本景点只支持在线预订', '0'), ('胜天农庄', '武汉市 · 黄陂区 · 王家河镇 · 长堰木兰胜天风景区', 'http://img.cyw.com/uploadfiles/420000/2/2014/10/24/37a92aa2-abff-4891-a25f-c9d63b6ee23c.jpg', 'http://img.cyw.com//shopx/20110703091020359563/shopinfo/2016022309164022.jpg;http://img.cywimg.com/uploadfiles/420000/2/2012/05/10/724b092c-2e93-4661-bf28-25b87c2c0956.jpg;http://img.cyw.com//shopx/20110703091020359563/shopinfo/201606/2016060616424065.png;http://img.cyw.com//shopx/20110703091020359563/shopinfo/201606/2016060616424693.jpg;http://img.cyw.com//shopx/20110703091020359563/shopinfo/201606/2016060616424416.jpg;http://img.cyw.com//shopx/20110703091020359563/shopinfo/2016022309142943.jpg;http://img.cyw.com//shopx/20110703091020359563/shopinfo/2016022309143070.jpg;http://img.cyw.com//shopx/20110703091020359563/shopinfo/201602230914285.JPG', '户外休闲,玻璃栈道,亲子体验', '营业中，营业时间1月-12月 08:30-17:00', '胜天农庄坐落在武汉市黄陂区古镇王家河境内，东临红岗山，南接木兰草原，西连木兰山，北望木兰湖，是黄陂木兰生态旅游胜景之一。                    \n	 \n\n\n	\n\n\n	设施内容 \n\n\n	建筑面积6000平方米，其中：有500平方米大餐厅1个，包间5个，能接待600多客人同时就餐，有400平方米多媒体会议室可供300人会议，有客房78个可供178人住宿，有歌厅1个棋牌室4个可供客人娱乐。\n\n\n	 \n\n\n	\n\n\n	玻璃栈道 \n\n\n	2016年3月底，升天农庄刚刚打造完成了国家首家玻璃滑道，还有省内独一无二的悬空玻璃观景台，对于大部分来说，这绝对是一个刺激的挑战。\n\n\n	 \n\n\n	 \n\n\n	\n \n\n\n	特色游乐项目 \n\n\n	登山、钓鱼、摸鱼、采茶、采野蔬菜、农事体验、篝火晚会、划船、棋牌、沙滩排球、烧烤、攀崖、户外体能运动、滑索、峡谷森林游览、古庙古寨游览。\n\n\n	 \n\n\n	\n\n\n	自然风景独特 \n\n\n	天山古城，海拔高度587 米，始建于太平天国时期，古城依山就势，以青石干砌而成，城墙高4米左右，占地面积约10000多平方米。城内建筑错落有致，布局呈田字形，现保存基本完 好。城墙历经百年风雨而不倒塌。更具特色的是古城只有一独门嵌砌于城墙之上，反其道为西北而开。整个古城坐落在形如神龟的龟驮石山之上，远望有神龟托峰之势！胜天湖，位于山谷底部的风景区入口处，原名胜天水库。湖面宽阔，湖边田畴如织，山林葱郁，蓝天碧水，山色空蒙，你进入农庄仿佛置身一副山水图画之中。 从谷底沿山脉而上有一条长达千余米的沟壑，名叫黑沟。沟中奇石纷呈，怪树丛生，绝壁悬崖，明溪暗泉，飞禽走兽，奇花异果，无不令人惊奇。黑沟顶端的千杆竹 林之下一弯碧水，洁净若雪，人称瑶池。瑶池的传说于风景一样美丽动人。沿山路而行，更有\"茶麻古道\"、\"一龙泉\"、\"枫林洼\"、\"仓板石\"、\"爱峰\"、 \"洗手堰\"等亮点风景，让你领略分享。\n\n\n	 \n\n\n	\n\n\n	人文底蕴深厚 \n\n\n	木兰文化在这里深入民间，侵淫于山山水水一草一木，\"爱峰\"、\"泪眼石\"、\"瑶池\"、\"紫气松\"、\"枫林洼\"处处记载着\"忠、孝、勇、烈\"的传说，闪现着巾帼英雄花木兰的身影。木兰第一宫，是人们朝拜木兰山必经的第一个佛殿，它集佛道两教于一 体；竹林古刹，是古时当地富甲一方的一座曾庙，它们象木兰山一样集中体现着荆楚民间的宗教文化。这里是民间传说的智慧人物韩光斗的家乡，是清代振威将军王振起的家乡，这里也是远近闻名的纪念屈原活动\"长堰端午龙船会\"的发祥地。', '武汉外环高速公路→上岱黄高速公路→下高速公路转盘直行（红安、麻城方向）→过黄陂滠水大桥→公里十字路口左转（木兰草原方向，路口有个加油站）→走到18公里即到胜天农庄大门楼→进大门2公里即到胜天农庄。', '线路一：292路（3元）公汽到黄陂转（长堰6元）巴士到长堰（坐面的25元到胜天农庄)。', '25', '114.438762,31.040367', '本景点只支持在线预订', '0'), ('花海乐园', '武汉市 · 黄陂区 · 研子镇木兰景区群（大余湾景区斜对面）', 'http://img.cyw.com/shopx/145818523534/shopinfo/2016042616075636.jpg!200x133', 'http://img.cyw.com//shopx/145818523534/shopinfo/2016042616035874.jpg;http://img.cyw.com//shopx/145818523534/shopinfo/201604261603576.jpg;http://img.cyw.com//shopx/145818523534/shopinfo/2016042616035081.jpg', '生态花卉,互动体验,美食乐园', '营业中，营业时间1月-12月 08:30-17:00', '花海乐园景区坐落于湖北省武汉市黄陂区研子镇木兰景区群，占地面积1500余亩，是由武汉四季花海旅游开发有限公司精心打造的综合性景区。距武汉市区40公里，距木兰山16公里，与文化古村大余湾毗邻。108省道贯通南北，交通十分便利。花海乐园依托木兰生态区优良的休闲环境，依山傍水，宁静如画，四时之景不同，晨昏风光各异，郁郁葱葱，争奇斗艳，风姿卓美犹如香妃世界。                    \n\n\n	 \n\n\n	\n\n\n	景区以“花木兰”文化为主题，以一年四季独具特色的梯田生态花卉景观及婚纱摄影为特色，辅以刺激、惊险的互动体验式游乐项目和精彩绝伦的特技表演，组成了一片坡地七彩花田和五大游玩主题区，集特色七彩梯田花海、户外婚纱摄影基地、木兰古战场马战表演、水上嘉年华、农家动物表演、瓜果采摘、大型马戏团表演、大型机械游乐、儿童乐园等众多娱乐项目为一体的综合性生态旅游景区。\n\n\n	\n\n\n	\n\n\n	同时作为武汉市最具综合性的花卉主题乐园，浪漫的七彩花田，独特的紫薇长廊、丰富的游玩项目、鲜明的主题活动构成一幅大地上的七色彩虹，生动而美丽。让您在花中去赏、花中去玩、花中去乐，花中去疯狂。\n\n\n	 \n\n\n	\n\n\n	七彩花田 \n\n\n	我们以各色鲜花为主轴，打造多种样式的七彩花田，确保每季观赏花卉达数十种。漫步七彩花田，观赏蜂飞蝶舞，感受四时之景，体味氤氲花香。\n\n\n	 \n\n\n	\n\n\n	“紫薇长廊”——绵延数百米，一直深入到绿色深处，像是迎宾的仪仗。人在花树下穿行，细碎阳光洒落，落红满径，每迈一步都是满心欢喜，也是满心怜惜。\n\n\n	 \n\n\n	\n\n\n	“马鞭草”——生机盎然的梯田上开满了马鞭草，一根根细细、长长的花茎上，顶着一簇簇紫色的小花，远远望去，好似一片紫色的海洋。置身于花海，于梯田拾级而上，淡淡清香扑面而来。\n\n\n	 \n\n\n	\n\n\n	“太阳花”——百万株葵花盛放，美不胜收，一地金黄。漫步花丛，面向花开的方向，夏末秋初的阳光洒下来，眼前一片的绚烂夺目，像是好些个太阳一起落在了地上。\n\n\n	\n \n\n\n	\n \n\n\n	美食乐园 \n\n\n	1、阳光餐厅\n\n\n	约2000平方米的阳光餐厅位于景区中心，景区为您提供十几种自助菜品。置身于通透开阔生态餐厅就餐，阳光透过屋顶，抬头可仰望蓝天白云，侧耳可倾听流水细语，绿植环绕近旁，鸟声啁啾，花香萦绕，品尝新鲜、无公害\n的有机蔬菜。，美丽景色，美好心情，胃口都不禁好了起来。\n\n\n	 \n\n\n	\n\n\n	2、特色小吃\n\n\n	特色小吃一条街是享受特色美食的好地方。新派特产风头正劲:大连铁板鱿鱼、台湾车轮饼、日本可丽卷、朝鲜酸辣年糕等各地小吃云集,还有唇齿留香、回味无穷的\n南粤特产水果酸奶西米露、木瓜盅、姜汁撞奶和双皮奶,好吃的葡京蛋挞、核桃派。老字号特产也魅力不减:卤味、烧麦、鱼汁糊汤粉、煎包、油酥饼,等美食扎\n堆,真叫人不知从何吃起。\n\n\n	\n \n\n\n	\n \n\n\n	特色演出 \n\n\n	1、环球飞车\n\n\n	叹为观止的环球飞车属于特技表演，三辆摩托车在一个直径6.5米的钢球内风驰电闪般狂飙，表演的危险程度、技巧难度、空间窄度无疑是一项勇敢者的游戏，令观众禁不住屏住呼吸，进而随之心潮澎湃。\n\n\n	 \n\n\n	\n\n\n	2、高空走钢丝\n\n\n	走钢丝又称\"达瓦孜\" \n，是维吾尔族一种古老的传统杂技表演艺术，以“高空走、骑车带人、摩托车飞跃等精湛的技艺和惊险的表演内容令人赞叹不已!它将邂逅花海乐园，冲顶新的世界吉尼斯记录!\n\n\n	 \n\n\n	\n\n\n	3、小猪跳水\n\n\n	这里有花海乐园独创的湖北唯一的小猪跳水表演。经过特别训练粉扑扑憨态可掬的小猪们，在训练员的带领下由高台跳入水中，你追我赶、争先恐后，游过赛道到达比赛终点。\n\n\n	 \n\n\n	\n\n\n	4、鸟艺表演\n\n\n	鸟儿们经过训练后，不仅能能够自如地在台上为游客表演说话、提水、骑车、投篮等精彩节目，还能与游客亲密互动，停靠在游客肩上、手上啄食饲料或面包。\n\n\n	 \n\n\n	\n\n\n	5、杂技大棚\n\n\n	花海乐园景区为您精心打造了超赞的高空绸吊、集体钻地圈、大武术、蹬技、驯兽等表演。高难度的演绎，至柔至刚，技巧与美呈现，精彩杂技与您相约花海乐园，让我们一起惊艳整个时光吧!\n\n\n	 \n\n\n	\n\n印象花木兰 \n\n	黄陂是花木兰的故里。《印象花木兰》大型马战实景表演再现了一代英雄花木兰“孝敬父母、坚强勇敢、忠心爱国”的民族精神，融历史、文化、马战、影视特技等多种手段于一体：\n\n\n	 \n\n\n	\n\n\n	近5000平方米的马战场上，专业演员和几十匹战马组成强大的演出阵容，以“花木兰替父从军”为故事背景的大型马战节目，技术精湛、情节惊险刺激，令游客不能不涌起一股热血豪情。\n\n\n	 \n\n\n	 \n\n\n	\n\n\n	动感乐园 \n\n\n	1、童趣撒欢世界\n\n\n	这里有几十种民俗秋千，让每个人都回到了童年。在小小的秋千世界，载着童年的梦想与期望，荡啊荡，荡出美好心情，荡出美好未来……闭上眼睛，好似在空中飞翔。\n\n\n	 \n\n\n', '汉口竹叶山岱黄高速到黄陂转盘处，往木兰山大余湾方向直行约10公里至研子镇，沿右侧花海乐园旅游景区路牌行驶3公里即到。', '汉口火车站乘坐292工期前往黄陂旅游集散中心（终点），换乘大余湾班车即到', '26', '114.373877,31.02635', '本景点只支持在线预订', '0'), ('薰香悦花卉世界', '武汉市 · 江夏区 · 郑店街道 · 老屋湖村', 'http://img.cyw.com/shopx/146131708094/shopinfo/2016050515544850.jpg!200x133', 'http://img.cyw.com//shopx/146131708094/shopinfo/201605041831598.jpg;http://img.cyw.com//shopx/146131708094/shopinfo/2016050418315639.jpg;http://img.cyw.com//shopx/146131708094/shopinfo/2016042217270064.jpg;http://img.cyw.com//shopx/146131708094/shopinfo/201605041832018.jpg;http://img.cyw.com//shopx/146131708094/shopinfo/2016042309172761.jpg;http://img.cyw.com//shopx/146131708094/shopinfo/2016042309172739.jpg;http://img.cyw.com//shopx/146131708094/shopinfo/2016042309172310.jpg;http://img.cyw.com//shopx/146131708094/shopinfo/2016050418320250.jpg', '花卉世界,浪漫灯光,休闲度假', '营业中，营业时间1月-12月 08:30-17:00', '薰香悦花卉世界坐落于武汉市江夏区郑店街道段岭庙老屋湖村，是一个集旅游观光、度假养生、休闲娱乐、科普农业知识为一体的现代大型观光旅游景区。\n\n\n	薰香悦花卉世界建有薰衣草园、芝樱园、水生花卉园、玫瑰园、郁金香、葵花园、及花布、花卉图集种植中心区，并种植了很多具有独特景观效果的名优树种，加上在此栖居的多种野生动物，形成了优美得生态环境。\n                    2016年9月23日—2016年11月11日，由薰香悦花卉世界斥巨资打造的“花影灯海•梦幻楚天--2016第二届武汉江夏薰香悦田园灯光节”活动，在武汉市江夏区薰香悦花卉世界拉开大幕。\n\n	 \n\n\n	 \n\n\n	 \n\n\n	\n\n田园灯光秀由1800万支LED创意灯饰以“浪漫田园、梦幻楚天”为主题，精心设计了“星光隧道”、“华夏之门”、“童话风车”、”千年之吻“等。园区内还有啤酒音乐节，现场各种互动活动，大型音乐演出和表演。带你体验一场盛大的户外paty。\n\n	\n \n\n\n	\n \n\n\n	\n \n\n\n	 \n\n\n	\n\n\n	 \n\n\n	 \n\n\n	\n\n\n	庄园一直以来以唯美浪漫、高端奢华为设计理念，并致力于打造出中国的迪拜观景园区。\n\n\n	 \n\n\n	 \n\n\n	\n\n\n	园内四季变换的花田花海、唯美浪漫的水上教堂、美轮美奂的地中海风情，\n还有风格别致的墨西哥风车构造串联庄园景观及活动主线，形成以观光、摄影、婚庆服务、农业科普、休闲养生等多功能复合型生态观光农业园。\n\n\n	 \n\n\n	 \n\n\n	 \n\n\n	\n\n萤火虫亲子自驾营地 \n\n	2016年，薰香悦花卉世界为孩子们准备了一个不一样的度假新选择——萤火虫亲子自驾营地！经过长达二年的精心准备，武汉近郊首个“萤火虫亲子自驾营地”于4月30日正式开放了!\n\n\n	 \n\n\n	\n\n\n	有萤火虫的童年才叫“童年”！驾着爱车，带着你们的孩子，来薰香悦花卉世界吧!白天游花海，夜晚草地音乐广场Party!各种房车、特色帐篷给你不一样的亲子体验！\n\n\n	 \n\n\n	\n\n\n	孩子们还可以将自己捉到的萤火虫装进漂亮的玻璃瓶中带回家，现场工作人员不但会为游客们讲解关于萤火虫的科普知识，还会告诉大家养护萤火虫的秘诀，让孩子们尽情享受大自然的魅力和趣味童年!\n\n\n	天为被地为床，清风朗月作伴，虫鸣蛙声拥你入眠，是不是身未动，心已远呢?萤火虫亲子自驾营地准备了上百顶造型独特，颜色各异的帐篷，在花海中、在草地上、在池塘边和孩子一起动手扎起各色的帐篷，躺在草地上，听着风声、伴着蛙声虫鸣、仰望星空.....任醉人的花香浸润每一个细胞，感受着自然的静谧，感受时光的静静流淌。\n\n\n	 \n\n\n	\n \n\n\n	更多亲子特色项目 \n\n\n	愤怒的小鸟、插秧农事体验\n\n\n	 \n\n\n	\n\n\n	儿童户外音乐舞台剧\n\n\n	 \n\n\n	\n\n\n	亲子射击项目、稻田渔猎\n\n\n	 \n\n\n	\n\n\n	乡村露天电影\n\n\n	 \n\n\n	\n\n\n	钓鱼钓虾\n\n\n	 \n\n\n	\n\n\n	花海滑道\n\n\n	 \n\n\n	\n\n\n	草帽DIY\n\n\n	 \n\n\n	\n\n\n	袋鼠宝宝跳\n\n\n	 \n\n\n	\n \n\n\n	薰衣草 \n\n\n	记忆就象薰衣草，曾经在这里发生的故事如同昨日烟云，淡远而温和，淡到极处，又刻在心底……\n\n\n	恍惚的一瞬，才明白薰衣草花语就是等待……\n\n\n	 \n\n\n	\n\n\n	多少人终其一生，不就是为了生命中那个正确的等待?时间成了考验，错过花期，就是错过，即便是再久的等待也见证不了那次的花开，向来情深，奈何缘浅……\n\n\n	当然，薰香悦花卉世界也不会让大家等太久!薰衣草开花时间为5月上旬到6月上旬，盛放期在五月中下旬。(由于受到气候环境影响，花期时间可能会有些出入。)\n\n\n	 \n\n\n	 \n\n\n	\n\n\n	向日葵 \n\n\n	面朝阳光，心向美好!向日癸有了太阳，才能美丽的生长。六月上旬，来一场与向日葵的约会，薰香悦花卉世界绽开的向日癸会向你微笑问好！\n\n\n	 \n\n\n	\n \n\n\n	其他项目 \n\n\n	\n		\n			\n				\n					\n						\n							薰香悦花卉世界自费体验项目\n						\n					\n					\n						\n							野炊烧烤\n						\n						\n							50/台位+烤炉\n						\n					\n					\n						\n							         滑道          \n						\n						\n							20元/人\n						\n					\n					\n						\n							自行车漫游\n						\n						\n							30元/小时【押金200元】\n						\n					\n					\n						\n							充气城堡\n						\n						\n							20元/半小时\n						\n					\n					\n						\n							皮划艇\n						\n						\n							50元/半小时（整条出租50元/15分钟）\n						\n			', '1、三环线→107国道→郑店→薰香悦花卉世界（老屋胡村）。\n2、白沙洲大道→青郑高速→京珠高速→武汉南、黄石方向-武汉南、郑店出口→107国道→薰香悦花卉世界。', '路线1：武昌火车站去宏碁或航海客运站乘坐咸宁、温泉大巴到段岭庙张涂路口下车，107国道路西按指示牌步行500米即到薰香悦花卉世界。\n路线2：武昌火车站斜对面乘坐906路公交到郑店桥下车，直行过路口乘坐纸坊到安山（河垴、法泗、保福）小巴在张涂路口下车，107国道路西按指示牌步行500米即到薰香悦花卉世界。', '27', '114.284774,30.248741', '本景点只支持在线预订', '0'), ('道观河', '武汉市 · 新洲区 · 道观河风景区', 'http://img.cyw.com/shopx/20110830143058468636/shopinfo/2016030316181013.jpg!200x133', 'http://img.cyw.com//shopx/20110830143058468636/shopinfo/2016030317043820.jpg;http://img.cyw.com//shopx/20110830143058468636/shopinfo/2016030317043947.jpg;http://img.cyw.com//shopx/20110830143058468636/shopinfo/2016030317043934.jpg;http://img.cyw.com//shopx/20110830143058468636/shopinfo/201603031704394.jpg;http://img.cyw.com//shopx/20110830143058468636/shopinfo/2016030317043917.jpg;http://img.cyw.com//shopx/20110830143058468636/shopinfo/2016030317044064.jpg;http://img.cyw.com//shopx/20110830143058468636/shopinfo/2016030317044086.jpg', '名胜古迹,玉石博览,森林公园', '营业中，营业时间1月-12月 08:30-17:00', '道观河风景旅游区有着得天独厚的自然环境，山青水秀，风光绚丽，景色宜人，区域由72座秀丽壮观的山峰和一座浩大的潭湖构成，重峦叠嶂圈谷成湖，山水林寺浑然一体。                    \n	景区简介 \n\n\n	道观河风景旅游区是湖北省旅游定点单位，武汉市四大风景区之一，位于武汉市新洲区东部，大别山南麓，南接106国道，北连318国道，西距京九铁路火车站5公里，距武汉市区69公里，与大广高速，武英高速道道相连，总面积47.88平方公里，年均气温16.4度，夏季最高温度比市区低4—5度。海拔高度在42—675米之间，是观光游览、休度假的理想之地。\n\n\n	 \n\n\n	旅游区内有一湖、二洞、三寺、三潭、四泉、六岩、十溪、七十二峰等名胜古迹。道观河水面积4平方公里，知名景点有报恩禅寺、紫霞寺、世界宝玉石博览馆、保安寨森林公园等，将军山主峰海拔675米，是武汉山峦最高峰,现被列为国家级森林公园。道观河水库水面宽阔，乘船游览，湖光山色，美不胜收。\n\n\n	\n\n\n	吸收天地精华，体验仙境奇观 \n\n\n	道观河风景旅游区有72座秀丽的山峰和一座浩大的潭湖构成，山青水秀，风光旖旎，座座峰峦拟物形象逼真，或狮、或象、或牛、或船、或钵，东部山形宛如一美女安卧于苍山白云之间，轮廓清晰，曲线优美，是国内外一大罕见的自然奇观。\n武汉市区最高峰将军山，海拔675米，被列为国家级森林公园，四季风光迷人。\n\n\n	 \n\n\n	\n\n\n	纯质天然活水，享受自然气息 \n\n\n	通禅湖水景浩渺，澄碧清澈，湖岸参差，港叉较多，状似巨龙，湖容1.1亿立方立方米，水体面积6000多亩，有聚有分，形态丰富；且为二级水质，可直接饮用。\n\n\n	 \n\n\n	\n\n\n	道观河历史悠久，文物胜迹甚多 \n\n\n	商纣时期设立调兵遣将的烽火台，经年历月，史迹昭然；魏晋时期观字林立，道教盛行；唐太宗钦赐的“唐敕紫霞”汉白玉匾珍藏在紫霞寺内；北宋时桑粹宫宦大臣李阁老所植红杨树根如盘龙，枝繁叶茂；明末垒筑的工事保安寨，曾是太平军和新四军抗敌的战场；乾隆皇帝游览过的“奇石牛”，极富传奇色彩；革命时期，李先念、张体学等老一辈革命家曾在这里留下战斗遗迹。 \n\n\n	 \n\n\n	\n\n\n	道观河旅游资源丰富，特色景点较多 \n\n\n	当代高僧本焕大师捐资兴建的报恩禅寺座落于青龙山腰，依山傍水，占地134亩，建筑面积15000平方米，殿堂巍峨，气势磅礴，建有山门、天王殿、大雄宝殿、观音殿，地藏殿、方丈室、钟鼓楼、斋堂等，玉佛殿供奉有从佛国缅甸请回的重9吨长6米的整块汉白玉雕成的卧佛。筹建中的万佛宝塔，塔身9层48米高，供奉一万尊青铜阿弥陀佛像，堪称世界第一佛塔。世界宝玉石博览馆骑建在水库之中，四面环山，三面绕水，建筑面积8000平方米，共分十馆、四长廓、三亭，馆内珍藏世界各地宝石、玉石、晶石、玛瑙、琥珀、珍珠、化石、矿石和几千件宝玉石刻成的工艺品。\n\n\n	 \n\n\n	\n\n\n	道观河风景旅游区山体景观奇特，植被良好丰富，森林覆盖率较高。主要树种有马尾松、杉木、枫香、樟树、化香、乌桕、意杨、芒萁、野菊、梧桐、杜鹃、油茶、油桐、茶、柑桔、柿、板栗、梨、桃、李、楠竹、桂花、木槿等。动物资源丰富，物种繁杂，有浮游动物63种, 底栖动物17种，鱼类65种，两栖类7种，爬行类16种，鸟类112种，哺乳动物18种；主要动物有草兔、小家鼠、黄胸鼠、野猪、小天鹅等。 在山林掩映中的动物雀跃、百鸟欢唱，构成一幅人与动物和谐相处的画卷。', '在武汉客运港长途汽车站乘坐市郊旅游专线2路，汽车直达新洲道观河风景区，每日始发时间为早上9：00，单程票价为18元/人。', '', '28', '114.994759,30.882949', '本景点只支持在线预订', '0'), ('野战国防园', '武汉市 · 蔡甸区 · 奓山街道 · 老世陈村', 'http://img.cyw.com/temp/shopinfo/2016050817551728.jpg!200x133', 'http://img.cyw.com//temp/shopinfo/2016050817554434.jpg;http://img.cyw.com//temp/shopinfo/2016050817553362.jpg;http://img.cyw.com//temp/shopinfo/2016050817553581.jpg;http://img.cyw.com//temp/shopinfo/2016050817553156.jpg;http://img.cyw.com//temp/shopinfo/201605081755533.jpg;http://img.cyw.com//temp/shopinfo/2016050817554267.jpg;http://img.cyw.com//temp/shopinfo/2016050817553575.jpg;http://img.cyw.com//temp/shopinfo/2016050817554546.jpg', '军事文化,军事训练,国防基地,', '营业中，营业时间1月-12月 08:30-17:00', '武汉蔡甸野战国防园坐落于湖北省武汉市蔡甸区奓山街老世陈村，占地面积690亩。基地面向318国道，毗邻京珠、沪蓉高速公路的交汇口，依托九真山国家级森林公园，具有极其重要的军事战略地位。                    \n	 \n\n\n	\n\n\n	野战国防园在省、市领导和广州军区、湖北省军区领导的关心和支持下，由武汉警备区和蔡甸区人民政府以军地共建的形式打造。始建于2002年，是湖北省人民政府确定的首批省级国防教育基地，时任中央政治局委员、军委副主席、国防部长迟浩田上将亲笔题写园名。先后被命名为武汉市西南片民兵预备役综合训练基地、武汉市未成年人爱国主义教育基地、武汉市学生国防教育基地、蔡甸区全民国防教育基地、蔡甸区青少年校外教育基地。\n\n\n	 \n\n\n	\n\n\n	野战国防园按照民兵预备役训练和国防教育相结合的原则，以军事斗争准备为龙头，以爱国主义教育为目的，以提高全民国防意识为宗旨，打造出目的明确、重点突出、功能齐备、有机衔接的三个功能区，形成了一套完整的国防实践教育体系。\n\n\n	 \n\n\n	\n\n\n	军事文化展示区 \n\n\n	由轻重武器展示和国防教育馆组成。重武器主要陈列包括飞机、坦克、火炮、舰艇、雷达在内的25 \n件装备实物;轻武器主要展示的是数百件我军各历史时期的轻型武器装备，包括自动步枪、轻重机枪、火箭筒、手榴弹、地雷和军用通讯设备等。国防教育馆重点展示蔡甸和武汉地区的军事历史、著名军事战役和军事人物。\n\n\n	 \n\n\n	 \n\n\n	 \n\n\n	\n\n\n	军事科目训练区 \n\n\n	由综合训练、拓展训练、实弹射击、模拟对抗和野外训练五大科目组成。总面积近3万平米，可同时容纳3000人开展军事科目训练和户外拓展活动。综合训练区包括5000平方米的草地训练场和2000平方米的风雨训练场，主要训练科目有队形队列、军事体能、战场救护、防空演练和单兵技战术等。拓展训练区安装有全套的高、中、低空训练设施，可开展信任背摔、有轨电车、齐心协力、穿越电网、空中断桥、天梯、逃生墙等常规高、中、低空拓展训练以及攀岩、速降等多项具有刺激性和挑战性的其他项目。模拟对抗区和野外训练区充分发挥九真山国家级森林公园的资源优势，合理利用山地、丘陵、丛林等地形地貌开展丛林寻宝、野外生存、真人CS等户外拓展项目。\n\n\n	 \n\n\n	\n\n\n	军事生活体验区 \n\n\n	按照正规化军营标准建有营房、食堂、餐厅、招待所、多媒体教室、会议室等设施。可以同时容纳 \n1500人吃、住、行、训。基地实行军事化管理，全方位贴近军旅生活，强化军营文化氛围，为参加军事训练、国防教育体验和社会教育实践活动的单位和人员提供强有力和全方位的后勤保障。', '蔡甸城关乘坐小巴到野战国防园站下车', '', '29', '113.979961,30.486014', '本景点只支持在线预订', '0'), ('金龙水寨生态乐园', '武汉市 · 蔡甸区 · 索河镇 · 龚家渡金龙湖畔', 'http://gl.cyw.com/cyuploads//shopx/20150323104457103856/shopinfo/2016031809103285.png', 'http://img.cyw.com//shopx/20150323104457103856/shopinfo/201606/2016061311020813.jpg;http://img.cyw.com//shopx/20150323104457103856/shopinfo/2016031809103285.png;http://img.cyw.com//shopx/20150323104457103856/shopinfo/2016031809121880.jpg;http://img.cyw.com//shopx/20150323104457103856/shopinfo/2016031809103331.png;http://img.cyw.com//shopx/20150323104457103856/shopinfo/2016031809121834.jpg;http://img.cyw.com//shopx/20150323104457103856/shopinfo/2016031809103529.png;http://img.cyw.com//shopx/20150323104457103856/shopinfo/2016031809122074.jpg;http://img.cyw.com//shopx/20150323104457103856/shopinfo/2016031809103398.jpg', '知音故里,莲花水乡,金龙湖畔', '营业中，营业时间1月-12月 08:30-17:00', '金龙水寨生态乐园位于武汉市蔡甸区索河镇的索子长河水域金龙湖畔，这里是全国著名的知音故里莲花水乡，也因为人杰地灵蕴藏着金龙显灵的神奇传说。景区距离武汉城区40公里，交通便利。景区占地3000亩，其中水域1200亩，名贵荷花200余种。                    \n	 \n\n\n	\n\n\n	景区放眼四望，水连水，水绕山，自然营造出一种独特的水生湿地环境;侧头倾听，金龙湖畔龙游山水，福佑生灵的古老传说仍在流传。\n\n\n	 \n\n\n	\n\n\n	春季旅游这里山青水秀，群山环抱，万株茶花盛开，璀璨夺目，环湖花道两旁，樱花、桃花、梨花落英缤纷，争奇斗艳;夏季旅游这里乘船荡漾，万荷竞放，鱼虾欢腾，飞瀑溅玉;秋季旅游这里红叶满坡，层林尽染;冬季旅游这里银装素裹，青松傲立!\n\n\n	 \n\n\n	 \n\n\n	\n\n\n	金龙水寨生态乐园的美丽荷花年年开，2015年6月20日，金龙水寨生态乐园迎来了第六届莲花节，河里铺天盖地、一望无际的荷花，那景致倒真有点“接天莲叶无穷碧，映日荷花别样红”的韵味了。\n\n\n	 \n\n\n	\n\n\n	荷花作为中国十大名花之一，具有非常高的观赏价值，千姿百态,远观凌波仙子,近看如出水芙蓉，怎么看都像一幅幅美丽的画卷，犹如一枝饱蘸墨彩的画笔点在花尖上，无声的氤开，至淡而至无，透着那极致的东方神韵。\n\n\n	 \n\n\n	\n\n\n	荷花池里会总能看到三两成群的大白鹅和野鸭，时而静卧荷花水面梳理着羽毛；时而头插入翅膀下，安然入梦。\n\n\n	 \n\n\n	\n\n\n	满池的荷花，满池的碧水、满池的碧叶映衬着，让人忍不住想要到荷塘深处去。当小船便驶进荷花丛中去，不由得人不想起李清照那“误入藕花深处，沉醉不知归路”的句子来\n\n\n	 \n\n\n	\n\n\n	景区内还种植七彩茶花300余亩，30多个品种共计15000余株。景区以“灵山秀水，梦里家园”为主题，以“赏花赏叶，亲水体验，生态休闲，农家\n渔家风情”为特色，以“亲身参与，乐在其中”为亮点，现已建成飞瀑迎宾、长堤绿道、节节高升、七彩茶花园、甲瀑溪、金龙瀑、观荷采莲、童话木屋、卧龙谷、\n卧龙三潭、 湖乡小院休闲区等一批观赏性高、参与性强、趣味性浓的景点。\n\n\n	 \n\n\n	 \n\n\n	\n\n\n	山灵而水秀，梦里的家园，冥冥中在对您发出召唤——金龙水寨欢迎您!\n\n\n	 \n\n\n	 \n\n\n	\n\n\n	自费项目表', '汉阳王家湾→扁担山→新农→蔡甸广场(左拐)→蔡甸大道(转盘直走)→蔡城公路(汉川、马口方向)→张湾→柏林→龚家渡一桥(看到本酒店大型跨马路广告牌左拐)→靠路右手边2分钟即到', '王家湾乘坐石山→汉阳中巴就可以到达', '30', '113.941313,30.553287', '本景点只支持在线预订', '0'), ('锦里沟', '武汉市 · 黄陂区 · 蔡店乡 · 道士冲村', 'http://img.cyw.com/shopx/20110826164554296549/shopinfo/201609/2016091811070454.jpg!200x133', 'http://img.cyw.com//shopx/20110826164554296549/shopinfo/2016040114224167.jpg;http://img.cyw.com//shopx/20110826164554296549/shopinfo/201703/2017031212272241.jpg;http://img.cyw.com//shopx/20110826164554296549/shopinfo/201703/2017031212272246.jpg', '山野生态,民族文化,商务度假', '营业中，营业时间1月-12月 08:30-17:00', '理由一\n\n\n	锦里沟土家民俗文化旅游区位于黄陂区蔡店街，总面积约10平方公里，景区生态环境优美，人文特色鲜明，是武汉市唯一的土家文化风情旅游区。\n\n\n	理由二\n\n\n	锦里沟游线全长12公里，是武汉市唯一的土苗文化风情旅游区，也是最大的自然山水度假区。\n\n\n	理由三\n\n\n	土家族地区的两大土司施南土司下属的忠峒土司第十七代土司王在清朝雍正年间从鄂西恩施州宣恩县迁至在鄂东，经过近300年的发展变迁，拥有大量的土家山寨。\n                    \n	 \n\n\n	 \n\n\n	\n\n\n	公司计划投资7.8亿元，按高标准、高起点要求打造\"武汉顶级的山野生态与民族文化旅游度假胜地\",国家4A级旅游度假区。集旅游观光、休闲度假、商务会务、娱乐等综合功能于一体，打造华中地区顶级的高端商务休闲创意产业园区。\n\n\n	 \n\n\n	 \n\n\n	\n\n\n	锦里沟是中国\"改土归流\"文化的缩影。明清两代在少数民族地区废除世袭土司统治、改任流官统治的政治措施，叫作改土归流。雍正末年，鄂西土司王田光祖就是因改土归流而迁徙到田家湾的，从此繁衍近300年。\n\n\n	 \n\n\n	 \n\n\n	\n\n\n	总投资8亿元的武汉锦里土家风情谷旅游区，将以民族风情为特色，重建土家世袭府和土司官寨；挖掘民间流传的土司王故事，设\"改土归流\"文化展示区。', '从竹叶山上岱黄高速公路到黄陂前川，走黄土一级公路，过姚集镇走姚集公路到蔡店乡，然后前行5公里即到。', '线路一：汉口新华路、竹叶山乘专线巴士可直达黄陂锦里沟；', '31', '114.238967,31.279631', '本景点只支持在线预订', '0'), ('青龙山森林公园', '武汉市 · 江夏区 · 纸坊街道 · 青龙路005县道', 'http://img.cyw.com/temp/shopinfo/2016041316472032.jpg!200x133', 'http://img.cyw.com//shopx/146053773868/shopinfo/2016041317020554.jpg;http://img.cyw.com//shopx/146053773868/shopinfo/2016041317021128.jpg;http://img.cyw.com//shopx/146053773868/shopinfo/2016041317020889.jpg;http://img.cyw.com//shopx/146053773868/shopinfo/2016041317020852.jpg;http://img.cyw.com//shopx/146053773868/shopinfo/2016041317020758.jpg;http://img.cyw.com//shopx/146053773868/shopinfo/2016041317020653.jpg;http://img.cyw.com//shopx/146053773868/shopinfo/2016041317020755.jpg', '自然风光,人文建筑,风光秀丽', '营业中，营业时间1月-12月 08:30-17:00', '青龙山森林公园位于武汉江夏区，公园以森林自然风光为基础，辅以人文建筑，风景秀丽、景色优美。                    \n	 \n\n\n	 \n\n\n	\n\n\n	公园内建筑采用明代古典建筑风格，飞檐拱壁，古朴典雅。漫步于公园之中，放眼望去尽是古木参天、遮天蔽日，耳听到的是虫鸣鸟叫，目睹的是绿树葱茏、百花争艳，似步及人间仙境。\n\n\n	 \n\n\n	 \n\n\n	\n\n\n	春天漫山遍野，绿树红花，鸟语花香;金秋瓜果飘香，枫叶红遍;盛夏荷塘月色，蛙鸣悠扬;严冬银妆素，分外妖娆。\n\n\n	 \n\n\n	\n\n\n	\n\n\n	熊廷弼公园则是这座森林公园中的一颗璀璨的明珠。这座公园是为了纪念明代著名军事家，守边名将熊廷弼而命名，是一座兼人文山水的综合性公园，园内山青水秀，亭阁玉立，花木峥嵘，游乐设施齐全，可为你提供第一流的游览观光服务。在这里，你可展读历史人文，可领略森林风光，更可受到革命传统教育。', null, null, '32', '114.332754,30.336431', '本景点只支持在线预订', '0'), ('香草花田', '武汉市 · 蔡甸区 · 索河镇 · 梅池村香草花田', 'http://img.cyw.com/temp/shopinfo/2016041417152019.jpg!200x133', 'http://www.cyw.com/Public/img/grey.gif;http://img.cyw.com//temp/shopinfo/2016041417153536.jpg;http://img.cyw.com//temp/shopinfo/2016041417153415.jpg;http://img.cyw.com//temp/shopinfo/2016041417153596.jpeg;http://img.cyw.com//temp/shopinfo/2016041417153641.jpeg;http://img.cyw.com//temp/shopinfo/2016041417153081.jpg;http://img.cyw.com//temp/shopinfo/2016041417153260.jpg;http://img.cyw.com//temp/shopinfo/2016041417153484.jpg', '生态地貌,芳香植物,四季花园', '营业中，营业时间1月-12月 08:30-17:00', '武汉市乐活汇生态农业有限公司是一个依托乡村自然原生态地貌、以多种芳香植物与玫瑰种植开发为主题，致力于打造具有法国的“普罗旺斯”与英国的“四季花园”魅力生态村。                    \n	 \n\n\n	\n\n\n	一直梦想在一个可以身心安静的地方，拥有自己的花田，为了这一个憧憬与追求简单纯朴的生活，我们落在这里扛着所有家当耕耘种植花田。“香草花田”是中国首家以自然村落为依托，打造具有中国东方田园特色的“普罗旺斯”与“四季花园”为主题，以健康、生态、乐活为理念的特色芳香产业田园综合体。\n\n\n	 \n\n\n	\n\n\n	“香草花田”作为中国华中芳香植物品种最多的芳香主题产业田园综合体,总面积3000余亩，分为芳香体验区、生态村湾旅游区、芳香产业主题区、神秘花园会员区四大版块。通过三年的品种驯化与建设，定于2015年5月芳香体验区开园。\n\n\n	 \n\n\n	\n\n\n	目前园区内拥有中国品种最全的熏衣草7种。世界珍稀玫瑰12种，各类芳香植物300多种，您不仅可以漫步鼠尾草花田、熏衣草花海、香草森林 \n、风车塔楼、四季薰衣草花田、芳香文化体验馆……还可以体验一花一世界，畅游馥郁的蓝紫色花田，漫步花田步道跟前，随飞跃在花田的蝴蝶飞舞……\n\n\n	 \n\n\n	\n\n\n	夏天到来的时候驱车前往城郊，寻求一片清凉之地。车子一路前行，直到蔡甸，耳畔远离了城市的喧嚣，世界瞬间安静。武汉的田地本不多，全用来建了房子，好在蔡甸留下了一块净土，大片的农田在眼前掠过，这个季节农夫们开始在田里插秧，他们的生活似乎清淡许多，青色的稻田像一面巨大的屏风，隔挡了尘间纷扰，把武汉划分为了两个世界。\n\n\n	 \n\n\n	\n\n\n	推开门，一栋巨大的风车呈现在眼前，颇有异国风情。左边是一望无垠的花海，右边挖出一弯人工池塘，还有黄色的小木屋，明亮地色彩，像是从地下长出来。远处绵延的山谷，视野豁然开阔，清风袭来，阵阵花香，引人陶醉。\n\n\n	走进香草的王国，100多亩的品种园，是一座天然的芳香馆，上百种芳香植物长势正旺，不同品种的薰衣草开始抽出新芽，浓郁的紫色，仿佛走进了童话故事里，蜜蜂飞舞在花丛，害羞得躲闪镜头。大朵的玫瑰也竞相开放，惹人垂怜;猫薄荷散发着丝丝清凉，迷迭香叶带有茶香，微苦;而九层塔则有着特别浓烈，这里一年四季都可以看到有花在开。\n\n\n	 \n\n\n	\n\n\n	用玫瑰花搭成的拱门，是一条长长的花廊，漫步其间，如同走近爱丽丝奇幻梦游仙境，田野中亦开辟出小路，它们一节节由废弃的集装箱木板材料改装而成，算是二次利用;偶尔上山采集的鹅卵石装饰着小屋的墙面，因地制宜，比起造作出来的“自然朴素”，顺应当地的条件才是真正的自然而然。\n\n\n	 \n\n\n	\n\n\n	一大片绿色的草坪，开辟出儿童牧场，香猪在田里撒欢，母鸡咯咯抢食，偶尔有野鸟飞来参与游戏，还有一群可爱的小羊，孩子们争着喂食，重新感知生命。在栀子花丛中做迷宫，和家人来场真人CS野战，或是在草地里打滚，从此开始亲近土地，体验自然的乐趣。\n\n\n	 \n\n\n	\n\n\n	靠近村湾处的几亩田地，依然保留着种植水稻和当季的果蔬，农耕忙时，村民会请出耕地的大水牛，这样的情景一下子把人拉回到过去的遥远时光。农场主固执地不施农药，这里的蔬菜任由它自然成长。不少城里人在此租地，种上自己喜欢蔬菜，周末时约两三个好友，人人手里拿个小铁铲，一边聊天，一边给菜地松松土，其乐融融。\n\n\n	 \n\n\n	\n\n\n	大棚里的百香果早已桂满枝头，红得发紫的桑葚到了采摘的季节，捧着篮子出发，踏歌而行，在果树间穿梭，一边采摘一边品尝，像吃了蜜，亲手劳动的果实也变得格外香甜。在这里劳动几小时，出一身汗还呼吸了新鲜空气，心情也得到放松。孩子到了这儿也是放养，不像在城里那么娇贵着寸步不离，让他们接触土地，认识蔬菜，参与播种、照料、耕耘、收获，自然是孩子最好的课堂。\n\n\n	 \n\n\n	\n\n\n	花园廊道的桌子上泡好一杯茶，茶叶是刚采摘下来的柠檬草和玫瑰，一同浸泡，花香细细密密自口腔到鼻腔，头脑中幻化出深浅不定的色彩瞬时让人觉得春光旖旎，花朵都是稍纵即逝的东西，但是可以用味觉的形式将花香保留下来。喝着茶聊天，享受一段“偷得浮生闲”的时光。\n\n\n	 \n\n\n	\n\n\n	午饭时刻，从田地里采摘的蔬菜还带着泥土的新鲜，一盘新鲜的烤鱼上桌，扒开鱼肚，迷迭香从里面串出来，层层香气让人忍不住垂涎三尺;有时鸭肉也会加入香草的蘸料，不会觉得油腻，只要点缀某样新的元素，菜的色和味就会不一样。\n\n\n	 \n\n\n	\n\n\n	如果有一双巧手，还可以用玫瑰做成鲜花饼，或者亲磨一杯香草豆浆，制作香草烤肠，这充满了自然的味道该是多么芳香。饱餐一顿，去田野里散步，这种自然环境给予人身心的慷慨洗涤，让人彻底放松。', '1）从武汉市三环上汉蔡高速，过蔡甸索河出口1公里即到，出高速路口有路牌指示；', '2）从汉沙公路往汉川方向，龚家渡路口左转往索河镇直行4公里左右即到，路口有标牌指引', '33', '113.899296,30.514766', '本景点只支持在线预订', '0'), ('龙泉山风景区', '武汉市 · 江夏区 · 龙泉山风景区', 'http://img.cyw.com/shopx/20130422090805682948/shopinfo/2016041316221744.jpg!200x133', 'http://img.cyw.com//shopx/20130422090805682948/shopinfo/2016041316123492.jpg;http://img.cyw.com//shopx/20130422090805682948/shopinfo/2016041316123483.jpg;http://img.cyw.com//shopx/20130422090805682948/shopinfo/2016041316123411.jpg;http://img.cyw.com//shopx/20130422090805682948/shopinfo/2016041316123415.jpg;http://img.cyw.com//shopx/20130422090805682948/shopinfo/2016041316123238.jpg;http://img.cyw.com//shopx/20130422090805682948/shopinfo/2016041316123596.jpg;http://img.cyw.com//shopx/20130422090805682948/shopinfo/2016041316122910.jpg;http://img.cyw.com//shopx/20130422090805682948/shopinfo/2016041316123224.jpg', '休闲度假,生活体验,游览观光', '营业中，营业时间1月-12月 08:30-17:00', '龙泉山位于武汉市东湖新技术开发区龙泉乡。其山东南北三面环水，东面是以盛产武昌鱼名噪海内的梁子湖，南北则有两条山脉自西向东连绵9公里，与处于盆地中的景区形成二龙戏珠之势，形成风景区内7.6平方公里的幽谷风光带。                    \n	 \n\n\n	\n\n\n	龙泉山风景区位于武汉市东南郊20公里处。它濒临梁子湖，东南北三面环水，两条山脉自西向东连绵9公里，形成风景区内7.6平方公里的幽谷风光带。龙泉山在唐代以前被称为江夏山，有许多隐逸之士及骚人墨客都曾在灵泉幽谷居住过。唐天宝末年，宰相李奚在此凿地得泉，形成东西两井。令人称奇的是这两口井能占验\n天气，东井冒气则晴，西井冒气则雨，于是人们以“灵泉山”命名之，后来又演变为龙泉山。明太祖朱元璋将此地辟为“寝山”后，相继在这里修建了昭、庄、宪、\n康、靖、端、恭、贺等九座王陵，被称为“三龟九寝十二景”。\n\n\n	 \n\n\n	 \n\n\n	 \n\n\n	 \n\n\n	 \n\n\n	\n\n\n	《江夏县志》载：“龙泉山古称灵泉山，因灵泉寺山中有色碧味甘的清泉潭而得名。”龙泉山顺龙盘结，群峰高耸，其山三面临牛山湖与三汊港，在无边碧浪之间，逶迤崛起云山、大龙山、二龙山、龙嶂峰、玉屏峰、天马峰、马鞍峰等，自古这里被视为山环水绕、湖山钟秀、林泉幽穆的“福地仙壤”。\n\n\n	 \n\n\n	 \n\n\n	 \n\n\n	 \n\n\n	 \n\n\n	\n\n\n	1991年湖北省考古所和武汉市考古所对昭王墓进行了抢救性发掘，出土了金册(铜质)、玉印、腰带等100余件文物。2001年明楚王陵由国务院公布为第五批全国重点文物保护单位。\n\n\n	龙泉山和明楚王墓群现被辟为风景区。从1981年起，武汉市开始对龙泉山的文物古迹和梁子湖的自然景观进行有计划的保护和开发，逐步恢复了一些地面建筑和重要景点，现在建成开放的有楚天名山牌坊、远眺亭、楚昭王陵园、龟碑亭、婆婆树、樊哙雕像及樊哙墓等。按照规划，龙泉山风景区将建成文物古迹区、水上游乐区、避暑疗养区和生活服务区四大功能区。将完成建设恢复灵泉古寺、拦筑珠山大坝、恢复唐代万卷书楼、宋代珍珠塔、蓼娥堂、元代听松阁等景点、挖掘和恢复愍王寝和端王寝、建设全长2000米，集休闲、娱乐、餐饮、购物于一体的明代仿古一条街及相关水、电、路配套设施。\n\n\n	 \n\n\n	小贴士：龙泉山下的梁子湖中盛产正宗的武昌鱼，别错过大快朵颐的机会哦。', null, null, '34', '114.506131,30.417888', '本景点只支持在线预订', '0');
COMMIT;

-- ----------------------------
--  Table structure for `ticket`
-- ----------------------------
DROP TABLE IF EXISTS `ticket`;
CREATE TABLE `ticket` (
  `ticketId` int(11) NOT NULL AUTO_INCREMENT,
  `priceofticket` int(11) DEFAULT '0',
  `policy` varchar(255) DEFAULT NULL,
  `typeofticket` varchar(255) DEFAULT NULL,
  `wayofpayment` varchar(255) DEFAULT NULL,
  `spotName` varchar(255) DEFAULT NULL,
  PRIMARY KEY (`ticketId`)
) ENGINE=InnoDB AUTO_INCREMENT=56 DEFAULT CHARSET=utf8;

-- ----------------------------
--  Records of `ticket`
-- ----------------------------
BEGIN;
INSERT INTO `ticket` VALUES ('1', '68', '不可取消', '九真山门票+草莓采摘', '在线付', '九真山'), ('2', '50', '不可取消', '成人门票', '在线付', '九真桃源'), ('3', '60', '不可取消', '成人门票', '在线付', '云雾山'), ('4', '35', '不可取消', '农耕年华门票【优惠票】', '在线付', '农耕年华'), ('5', '30', '不可取消', '门票', '在线付', '叮当蝴蝶谷'), ('6', '118', '不可取消', '武汉花海乐园一日游【踏春赏花】', '在线付', '大余湾'), ('7', '215', '不可取消', ' 参考价', '在线付', '天寨沟漂流'), ('8', '39', '不可取消', '姚家山风景区成人票', '在线付', '姚家山风景区'), ('9', '65', '不可取消', '门票', '在线付', '张公山寨'), ('10', '60', '不可取消', '参考价', '在线付', '当代薰衣草风情园'), ('11', '32', '不可取消', '紫薇都市田园团队优惠门票', '在线付', '新洲紫薇都市田园'), ('12', '36', '不可取消', '木兰古门成人票', '在线付', '木兰古门'), ('13', '57', '不可取消', '成人票', '在线付', '木兰天池'), ('14', '59', '不可取消', '木兰山成人票', '在线付', '木兰山风景区'), ('15', '38', '不可取消', '参考价', '在线付', '木兰田园'), ('16', '59', '不可取消', '木兰花乡成人票', '在线付', '木兰花乡风景区'), ('17', '65', '不可取消', '【单票】门票', '在线付', '木兰草原'), ('18', '50', '不可取消', '成人门票', '在线付', '武汉木兰三台山风景区'), ('19', '35', '不可取消', '成人票', '在线付', '武汉木兰玫瑰园'), ('20', '30', '不可取消', '参考价', '在线付', '武汉梁子岛'), ('21', '60', '不可取消', '参考价', '在线付', '汉南喜鹊湖花海'), ('22', null, '', '', '', '江夏八分山'), ('23', '60', '不可取消', '门票', '在线付', '清凉寨'), ('24', '20', '不可取消', '参考价', '在线付', '白云洞'), ('25', '55', '不可取消', '胜天农庄成人票（周一至周四）', '在线付', '胜天农庄'), ('26', '75', '不可取消', '成人票', '在线付', '花海乐园'), ('27', '25', '不可取消', '【风车节】成人门票', '在线付', '薰香悦花卉世界'), ('28', '30', '不可取消', '参考价', '在线付', '道观河'), ('29', null, '', '', '', '野战国防园'), ('30', '45', '不可取消', '成人票', '在线付', '金龙水寨生态乐园'), ('31', '60', '不可取消', '成人门票', '在线付', '锦里沟'), ('32', null, '', '', '', '青龙山森林公园'), ('33', '54', '不可取消', '香草花田门票', '在线付', '香草花田'), ('34', '82', '不可取消', '参考价', '在线付', '龙泉山风景区'), ('36', '130', '不可取消', '木兰云雾山家庭票（2大1小）', '在线付', '云雾山'), ('37', '59', '不可取消', '紫薇都市田园成人票', '在线付', '新洲紫薇都市田园'), ('38', '28', '不可取消', '木兰古门优惠票', '在线付', '木兰古门'), ('39', '34', '不可取消', '木兰花乡优惠票', '在线付', '木兰花乡风景区'), ('40', '43', '不可取消', '九真山成人票', '在线付', '九真山'), ('41', '28', '不可取消', '九真山优惠票', '在线付', '九真山'), ('42', '80', '不可取消', '农耕年华亲子票（1大1小）', '在线付', '农耕年华'), ('43', '123', '不可取消', '农耕年华亲子票（2大1小）', '在线付', '农耕年华'), ('44', '44', '不可取消', '张公山寨儿童/学生票', '在线付', '张公山寨'), ('45', '55', '不可取消', '张公山寨团队票', '在线付', '张公山寨'), ('46', '147', '不可取消', '木兰天池成人三人票', '在线付', '木兰天池'), ('47', '79', '不可取消', '木兰天池亲子票（1大1小）', '在线付', '木兰天池'), ('48', '97', '不可取消', '木兰草原双人成人票', '在线付', '木兰草原'), ('49', '37', '不可取消', '木兰草原优惠票', '在线付', '木兰草原'), ('50', '34', '不可取消', '木兰清凉寨学生票', '在线付', '清凉寨'), ('51', '96', '不可取消', '清凉寨双人成人票', '在线付', '清凉寨'), ('52', '50', '不可取消', '胜天农庄成人票（周五至周日）', '在线付', '胜天农庄'), ('53', '39', '不可取消', '胜天农庄优惠票', '在线付', '胜天农庄'), ('54', '117', '不可取消', '锦里沟套票', '在线付', '锦里沟'), ('55', '98', '不可取消', '锦里沟双人成人票', '在线付', '锦里沟');
COMMIT;

-- ----------------------------
--  Table structure for `travels`
-- ----------------------------
DROP TABLE IF EXISTS `travels`;
CREATE TABLE `travels` (
  `travelsId` int(11) NOT NULL AUTO_INCREMENT,
  `travelsClass` varchar(50) DEFAULT NULL,
  `travelsPlace` varchar(50) DEFAULT NULL,
  `travelsContent` text NOT NULL,
  `del` int(11) DEFAULT '1',
  `UpdateTime` timestamp NULL DEFAULT CURRENT_TIMESTAMP ON UPDATE CURRENT_TIMESTAMP COMMENT '创建时间',
  `travelsTitle` varchar(100) NOT NULL,
  `travelsWriter` varchar(50) DEFAULT NULL,
  `travelsCount` int(11) DEFAULT '0',
  `travelsCollect` int(11) DEFAULT '0',
  `travelsComment` int(11) DEFAULT '0',
  PRIMARY KEY (`travelsId`)
) ENGINE=InnoDB AUTO_INCREMENT=24 DEFAULT CHARSET=utf8;

-- ----------------------------
--  Records of `travels`
-- ----------------------------
BEGIN;
INSERT INTO `travels` VALUES ('14', 'travels', '武汉', '<p>今天被问了很多问题，很尴尬</p>', '2', '2017-05-08 14:56:18', '【游记】今天被查水表了', 'bOneKop', '0', '0', '7'), ('19', 'travels', '木兰天池', '<p>&nbsp; &nbsp; &nbsp; &nbsp;</p><div id=\"_j_photo_81621794\" class=\"add_pic _j_anchorcnt _j_seqitem\" style=\"margin-bottom: 18px; word-wrap: break-word; position: relative; color: rgb(68, 68, 68); font-family: Arial, &quot;Lucida Grande&quot;, &quot;Microsoft Yahei&quot;, &quot;Hiragino Sans GB&quot;, &quot;Hiragino Sans GB W3&quot;, SimSun, &quot;PingFang SC&quot;, STHeiti; font-size: 15px; white-space: normal; width: 680px;\"><a target=\"_blank\" href=\"http://undefined\" style=\"color: rgb(255, 138, 0); cursor: pointer; background-color: transparent; outline: 0px; display: block; position: relative; zoom: 1;\"><img class=\"_j_lazyload\" src=\"https://n4-q.mafengwo.net/s9/M00/7C/FE/wKgBs1Y8XCqANRDPAAEvM3XMNWk92.jpeg?imageView2%2F2%2Fw%2F680%2Fq%2F90\" alt=\"\" style=\"border: 0px; vertical-align: middle; height: 509px; width: 680px; background: rgb(252, 242, 220); display: block;\"/></a></div><p class=\"_j_note_content _j_seqitem\" style=\"margin-top: 0px; margin-bottom: 20px; word-wrap: break-word; line-height: 28px; font-size: 15px; color: rgb(68, 68, 68); text-align: justify; word-break: break-all; font-family: Arial, &quot;Lucida Grande&quot;, &quot;Microsoft Yahei&quot;, &quot;Hiragino Sans GB&quot;, &quot;Hiragino Sans GB W3&quot;, SimSun, &quot;PingFang SC&quot;, STHeiti; white-space: normal;\">先上一个门面照！！<br/>2014转眼就要过完了，除了梦想没有实现，旅游年卡也没用过几回。毕竟梦想不是一朝一夕就能实现的，但是旅游年卡可是随时都能派上用场的，于是乎挑了一个晴朗的周日，木兰天池一日游走起！<br/><br/>木兰天池景区，位于<a href=\"http://undefined\" class=\"link _j_keyword_mdd\" target=\"_blank\" style=\"color: rgb(77, 77, 77); cursor: pointer; background-color: transparent; outline: 0px; border-bottom: 1px solid rgb(148, 142, 142);\">武汉</a>市<a href=\"http://undefined\" class=\"link _j_keyword_mdd\" target=\"_blank\" style=\"color: rgb(77, 77, 77); cursor: pointer; background-color: transparent; outline: 0px; border-bottom: 1px solid rgb(148, 142, 142);\">黄陂</a>区长轩岭镇<a href=\"http://undefined\" class=\"link _j_keyword_mdd\" target=\"_blank\" style=\"color: rgb(77, 77, 77); cursor: pointer; background-color: transparent; outline: 0px; border-bottom: 1px solid rgb(148, 142, 142);\">石门</a>山、木兰生态旅游区西部，东与木兰山、木兰湖毗邻，是国家5A级景区，也是国家森林公园。木兰天池，相传是木兰将军的外婆家，是木兰将军小时候生活、习武的地方。距<a href=\"http://undefined\" class=\"link _j_keyword_mdd\" target=\"_blank\" style=\"color: rgb(77, 77, 77); cursor: pointer; background-color: transparent; outline: 0px; border-bottom: 1px solid rgb(148, 142, 142);\">武汉</a>市城区中心61公里。<br/><br/></p><div id=\"_j_photo_81624821\" class=\"add_pic _j_anchorcnt _j_seqitem\" style=\"margin-bottom: 18px; word-wrap: break-word; position: relative; color: rgb(68, 68, 68); font-family: Arial, &quot;Lucida Grande&quot;, &quot;Microsoft Yahei&quot;, &quot;Hiragino Sans GB&quot;, &quot;Hiragino Sans GB W3&quot;, SimSun, &quot;PingFang SC&quot;, STHeiti; font-size: 15px; white-space: normal; width: 680px;\"><a target=\"_blank\" href=\"http://undefined\" style=\"color: rgb(255, 157, 0); cursor: pointer; background-color: transparent; outline: 0px; display: block; position: relative;\"><img class=\"_j_lazyload\" src=\"https://n3-q.mafengwo.net/s9/M00/82/57/wKgBs1Y8YfGASzcuAAKWj0se-tk19.jpeg?imageView2%2F2%2Fw%2F680%2Fq%2F90\" alt=\"\" style=\"border: 0px; vertical-align: middle; height: 906px; width: 680px; background: rgb(252, 242, 220); display: block;\"/></a></div><p class=\"_j_note_content _j_seqitem\" style=\"margin-top: 0px; margin-bottom: 20px; word-wrap: break-word; line-height: 28px; font-size: 15px; color: rgb(68, 68, 68); text-align: justify; word-break: break-all; font-family: Arial, &quot;Lucida Grande&quot;, &quot;Microsoft Yahei&quot;, &quot;Hiragino Sans GB&quot;, &quot;Hiragino Sans GB W3&quot;, SimSun, &quot;PingFang SC&quot;, STHeiti; white-space: normal;\">景区内的一簇小花，有红有黄，有大有小，不知名，却很美~！</p><div id=\"_j_photo_81624975\" class=\"add_pic _j_anchorcnt _j_seqitem\" style=\"margin-bottom: 18px; word-wrap: break-word; position: relative; color: rgb(68, 68, 68); font-family: Arial, &quot;Lucida Grande&quot;, &quot;Microsoft Yahei&quot;, &quot;Hiragino Sans GB&quot;, &quot;Hiragino Sans GB W3&quot;, SimSun, &quot;PingFang SC&quot;, STHeiti; font-size: 15px; white-space: normal; width: 680px;\"><a target=\"_blank\" href=\"http://undefined\" style=\"color: rgb(255, 157, 0); cursor: pointer; background-color: transparent; outline: 0px; display: block; position: relative;\"><img class=\"_j_lazyload\" src=\"https://a2-q.mafengwo.net/s9/M00/82/8B/wKgBs1Y8YiWAXs3TAAGEyk-x0lQ44.jpeg?imageView2%2F2%2Fw%2F680%2Fq%2F90\" alt=\"\" style=\"border: 0px; vertical-align: middle; height: 509px; width: 680px; background: rgb(252, 242, 220); display: block;\"/></a></div><div id=\"_j_photo_81624979\" class=\"add_pic _j_anchorcnt _j_seqitem\" style=\"margin-bottom: 18px; word-wrap: break-word; position: relative; color: rgb(68, 68, 68); font-family: Arial, &quot;Lucida Grande&quot;, &quot;Microsoft Yahei&quot;, &quot;Hiragino Sans GB&quot;, &quot;Hiragino Sans GB W3&quot;, SimSun, &quot;PingFang SC&quot;, STHeiti; font-size: 15px; white-space: normal; width: 680px;\"><a target=\"_blank\" href=\"http://undefined\" style=\"color: rgb(255, 157, 0); cursor: pointer; background-color: transparent; outline: 0px; display: block; position: relative;\"><img class=\"_j_lazyload\" src=\"https://c4-q.mafengwo.net/s9/M00/82/98/wKgBs1Y8YjOAdJ8-AAEopbRCWqA60.jpeg?imageView2%2F2%2Fw%2F680%2Fq%2F90\" alt=\"\" style=\"border: 0px; vertical-align: middle; height: 509px; width: 680px; background: rgb(252, 242, 220); display: block;\"/></a></div><p class=\"_j_note_content _j_seqitem\" style=\"margin-top: 0px; margin-bottom: 20px; word-wrap: break-word; line-height: 28px; font-size: 15px; color: rgb(68, 68, 68); text-align: justify; word-break: break-all; font-family: Arial, &quot;Lucida Grande&quot;, &quot;Microsoft Yahei&quot;, &quot;Hiragino Sans GB&quot;, &quot;Hiragino Sans GB W3&quot;, SimSun, &quot;PingFang SC&quot;, STHeiti; white-space: normal;\"><img src=\"http://images.mafengwo.net/images/i/face/daily_v2/1@2x.png\" style=\"border: 0px; vertical-align: middle; width: 23px;\"/>不知道这算是算<a href=\"http://undefined\" class=\"link _j_keyword_mdd\" target=\"_blank\" style=\"color: rgb(77, 77, 77); cursor: pointer; background-color: transparent; outline: 0px; border-bottom: 1px solid rgb(148, 142, 142);\">中国</a>人的习俗，看到水池就喜欢扔钱，谁说这是许愿池了？</p><div id=\"_j_photo_81625067\" class=\"add_pic _j_anchorcnt _j_seqitem\" style=\"margin-bottom: 18px; word-wrap: break-word; position: relative; color: rgb(68, 68, 68); font-family: Arial, &quot;Lucida Grande&quot;, &quot;Microsoft Yahei&quot;, &quot;Hiragino Sans GB&quot;, &quot;Hiragino Sans GB W3&quot;, SimSun, &quot;PingFang SC&quot;, STHeiti; font-size: 15px; white-space: normal; width: 680px;\"><a target=\"_blank\" href=\"http://undefined\" style=\"color: rgb(255, 157, 0); cursor: pointer; background-color: transparent; outline: 0px; display: block; position: relative;\"><img class=\"_j_lazyload\" src=\"https://a4-q.mafengwo.net/s9/M00/82/D6/wKgBs1Y8Yn2AIzn7AADABklT63o07.jpeg?imageView2%2F2%2Fw%2F680%2Fq%2F90\" alt=\"\" style=\"border: 0px; vertical-align: middle; height: 509px; width: 680px; background: rgb(252, 242, 220); display: block;\"/></a></div><p class=\"_j_note_content _j_seqitem\" style=\"margin-top: 0px; margin-bottom: 20px; word-wrap: break-word; line-height: 28px; font-size: 15px; color: rgb(68, 68, 68); text-align: justify; word-break: break-all; font-family: Arial, &quot;Lucida Grande&quot;, &quot;Microsoft Yahei&quot;, &quot;Hiragino Sans GB&quot;, &quot;Hiragino Sans GB W3&quot;, SimSun, &quot;PingFang SC&quot;, STHeiti; white-space: normal;\">终于到了山顶，很大一个湖，也真是稀奇，这个高的山顶，竟然有一个<a href=\"http://undefined\" class=\"link _j_keyword_mdd\" target=\"_blank\" style=\"color: rgb(77, 77, 77); cursor: pointer; background-color: transparent; outline: 0px; border-bottom: 1px solid rgb(148, 142, 142);\">大湖</a>，或许这也是叫他天池的原因吧。图上像跑道一样的绿色格子，是滑草的滑道，30块钱滑一次，很多小朋友在玩。</p><div id=\"_j_photo_81625226\" class=\"add_pic _j_anchorcnt _j_seqitem\" style=\"margin-bottom: 18px; word-wrap: break-word; position: relative; color: rgb(68, 68, 68); font-family: Arial, &quot;Lucida Grande&quot;, &quot;Microsoft Yahei&quot;, &quot;Hiragino Sans GB&quot;, &quot;Hiragino Sans GB W3&quot;, SimSun, &quot;PingFang SC&quot;, STHeiti; font-size: 15px; white-space: normal; width: 680px;\"><a target=\"_blank\" href=\"http://undefined\" style=\"color: rgb(255, 157, 0); cursor: pointer; background-color: transparent; outline: 0px; display: block; position: relative;\"><img class=\"_j_lazyload\" src=\"https://b4-q.mafengwo.net/s9/M00/83/54/wKgBs1Y8YxuAZ21bAAEA8ouZi9o66.jpeg?imageView2%2F2%2Fw%2F680%2Fq%2F90\" alt=\"\" style=\"border: 0px; vertical-align: middle; height: 509px; width: 680px; background: rgb(252, 242, 220); display: block;\"/></a></div><p class=\"_j_note_content _j_seqitem\" style=\"margin-top: 0px; margin-bottom: 20px; word-wrap: break-word; line-height: 28px; font-size: 15px; color: rgb(68, 68, 68); text-align: justify; word-break: break-all; font-family: Arial, &quot;Lucida Grande&quot;, &quot;Microsoft Yahei&quot;, &quot;Hiragino Sans GB&quot;, &quot;Hiragino Sans GB W3&quot;, SimSun, &quot;PingFang SC&quot;, STHeiti; white-space: normal;\">前后呼应，再来一张。</p><p class=\"_j_note_content _j_seqitem\" style=\"margin-top: 0px; margin-bottom: 20px; word-wrap: break-word; line-height: 28px; font-size: 15px; color: rgb(68, 68, 68); text-align: justify; word-break: break-all; font-family: Arial, &quot;Lucida Grande&quot;, &quot;Microsoft Yahei&quot;, &quot;Hiragino Sans GB&quot;, &quot;Hiragino Sans GB W3&quot;, SimSun, &quot;PingFang SC&quot;, STHeiti; white-space: normal;\">下山不像上山那样累人，下到三分之一的地方，有滑道可以滑下去，也是30快钱一个人，交了验票了之后，工作人员会给绑一个防滑布，保护屁股和腿，主要是防止裤子被磨破吧~滑道看着挺陡，其实一点都不危险，买票窗口有各式各样的错误姿势示范，真是各种各样的奇葩姿势都有，实在是搞笑~~</p><p class=\"_j_note_content _j_seqitem\" style=\"margin-top: 0px; margin-bottom: 20px; word-wrap: break-word; line-height: 28px; font-size: 15px; color: rgb(68, 68, 68); text-align: justify; word-break: break-all; font-family: Arial, &quot;Lucida Grande&quot;, &quot;Microsoft Yahei&quot;, &quot;Hiragino Sans GB&quot;, &quot;Hiragino Sans GB W3&quot;, SimSun, &quot;PingFang SC&quot;, STHeiti; white-space: normal;\">木兰天池说是在周边，其实也是格外的远。<a href=\"http://undefined\" class=\"link\" target=\"_blank\" style=\"color: rgb(77, 77, 77); cursor: pointer; background-color: transparent; outline: 0px; border-bottom: 1px solid rgb(148, 142, 142);\">自驾</a>暂且不提，公共交通有两种选择，一种是在汉口的<a href=\"http://undefined\" class=\"link _j_keyword_mdd\" target=\"_blank\" style=\"color: rgb(77, 77, 77); cursor: pointer; background-color: transparent; outline: 0px; border-bottom: 1px solid rgb(148, 142, 142);\">武汉</a>港，有直达景区的旅游大巴车；另外，也可选择在汉口火车站乘坐292到<a href=\"http://undefined\" class=\"link _j_keyword_mdd\" target=\"_blank\" style=\"color: rgb(77, 77, 77); cursor: pointer; background-color: transparent; outline: 0px; border-bottom: 1px solid rgb(148, 142, 142);\">黄陂</a>前川客运站转成景区巴士。292的起点站就是汉口火车站，三五分钟就有一班，中途只有六站，基本上不会有人中途下车，行驶时间约一个小时，没有座位就不要上车哦，否则只能站一个小时了，票价4元每人。前川客运站到景区的巴士是每小时一班，票价11元。</p><p class=\"_j_note_content _j_seqitem\" style=\"margin-top: 0px; margin-bottom: 20px; word-wrap: break-word; line-height: 28px; font-size: 15px; color: rgb(68, 68, 68); text-align: justify; word-break: break-all; font-family: Arial, &quot;Lucida Grande&quot;, &quot;Microsoft Yahei&quot;, &quot;Hiragino Sans GB&quot;, &quot;Hiragino Sans GB W3&quot;, SimSun, &quot;PingFang SC&quot;, STHeiti; white-space: normal;\">关于回程，下去景区到前川客运站的巴士最后一班是三点，也可以选择乘坐汉口北到轻轨站的巴士，最后一班是4点，可以多在景区游玩一个小时。</p><p><br/></p>', '1', '2017-04-18 15:45:56', '【游记】木兰天池一日游', '阿森纳', '0', '0', '1'), ('20', 'travels', '武汉', '<p class=\"_j_note_content\" style=\"margin-top: 0px; margin-bottom: 0px; word-wrap: break-word; font-size: 14px; color: rgb(77, 77, 77); font-family: Arial, &quot;Lucida Grande&quot;, &quot;Microsoft Yahei&quot;, &quot;Hiragino Sans GB&quot;, &quot;Hiragino Sans GB W3&quot;, SimSun, &quot;PingFang SC&quot;, STHeiti; white-space: normal;\">《诗经》有云：桃之夭夭，灼灼其华。<br/><a href=\"http://undefined\" class=\"link _j_keyword_mdd\" target=\"_blank\" style=\"color: rgb(77, 77, 77); cursor: pointer; background-color: transparent; border-bottom: 1px solid rgb(148, 142, 142);\">春日</a>里盛开的花树，不只有桃，更有杏，玉兰，还有樱。<br/>这个春天，在<a href=\"http://undefined\" class=\"link _j_keyword_mdd\" target=\"_blank\" style=\"color: rgb(77, 77, 77); cursor: pointer; background-color: transparent; border-bottom: 1px solid rgb(148, 142, 142);\">武汉</a>，虽只短暂三日，却眼见了灼灼其华枝漫春。<br/><br/></p><p style=\"margin-top: 0px; margin-bottom: 0px; word-wrap: break-word; font-size: 14px; color: rgb(77, 77, 77); font-family: Arial, &quot;Lucida Grande&quot;, &quot;Microsoft Yahei&quot;, &quot;Hiragino Sans GB&quot;, &quot;Hiragino Sans GB W3&quot;, SimSun, &quot;PingFang SC&quot;, STHeiti; white-space: normal;\"><a target=\"_blank\" href=\"http://undefined\" style=\"color: rgb(255, 157, 0); cursor: pointer; background-color: transparent;\"><img class=\"_j_lazyload\" src=\"https://c3-q.mafengwo.net/s9/M00/A5/57/wKgBs1ba0uWATTglABGU9m8EzQo73.jpeg?imageView2%2F2%2Fw%2F600%2Fq%2F90\" style=\"border: 0px; vertical-align: middle; margin-top: 10px; margin-bottom: 10px; height: 399px; width: 600px; background: rgb(252, 242, 220); display: block;\"/></a></p><p class=\"_j_note_content\" style=\"margin-top: 0px; margin-bottom: 0px; word-wrap: break-word; font-size: 14px; color: rgb(77, 77, 77); font-family: Arial, &quot;Lucida Grande&quot;, &quot;Microsoft Yahei&quot;, &quot;Hiragino Sans GB&quot;, &quot;Hiragino Sans GB W3&quot;, SimSun, &quot;PingFang SC&quot;, STHeiti; white-space: normal;\"><br/>摄影器材：Nikon&nbsp;DF+24-70mm,&nbsp;50mm&nbsp;f/1.8G,&nbsp;iPhone5<br/>背景音乐：德永英明&nbsp;-&nbsp;桜色舞うころ<br/>Array&nbsp;&nbsp;</p><p style=\"margin-top: 0px; margin-bottom: 0px; word-wrap: break-word; font-size: 14px; color: rgb(77, 77, 77); font-family: Arial, &quot;Lucida Grande&quot;, &quot;Microsoft Yahei&quot;, &quot;Hiragino Sans GB&quot;, &quot;Hiragino Sans GB W3&quot;, SimSun, &quot;PingFang SC&quot;, STHeiti; white-space: normal;\"><a target=\"_blank\" href=\"http://undefined\" style=\"color: rgb(255, 157, 0); cursor: pointer; background-color: transparent;\"><img class=\"_j_lazyload\" src=\"https://b2-q.mafengwo.net/s9/M00/A5/7C/wKgBs1ba0z2AIq0PAABmQKzYh_k93.jpeg?imageView2%2F2%2Fw%2F600%2Fq%2F90\" style=\"border: 0px; vertical-align: middle; margin-top: 10px; margin-bottom: 10px; height: 100px; width: 272px; background: rgb(252, 242, 220); display: block;\"/></a></p><p class=\"_j_note_content\" style=\"margin-top: 0px; margin-bottom: 0px; word-wrap: break-word; font-size: 14px; color: rgb(77, 77, 77); font-family: Arial, &quot;Lucida Grande&quot;, &quot;Microsoft Yahei&quot;, &quot;Hiragino Sans GB&quot;, &quot;Hiragino Sans GB W3&quot;, SimSun, &quot;PingFang SC&quot;, STHeiti; white-space: normal;\">初来<a href=\"http://undefined\" class=\"link _j_keyword_mdd\" target=\"_blank\" style=\"color: rgb(77, 77, 77); cursor: pointer; background-color: transparent; border-bottom: 1px solid rgb(148, 142, 142);\">武汉</a>，怎可不登黄鹤楼。<br/>古今多少风流人物，皆在此处吟咏留下千古名句。<br/>论伤怀，有崔颢题诗“昔人已乘黄鹤去，此地空余黄鹤楼”；<br/>论笑谈，有李白搁笔“眼前有景道不得，崔颢题诗在上头”。<br/>有岳飞豪迈的“却归来再续汉阳游，跨黄鹤”；<br/>亦有陆游怀古的“苍龙阙角归何晚，黄鹤楼中醉不知”。<br/>在登楼之前，是要通过一条长长石路的。<br/>石路建在一个山坡的脊背上，两旁密林丛生，花树繁茂。<br/>鼻息间满是草木香气，怡人极了。<br/>石栏边传来一两声猫咪轻快的叫声，寻声而去，小猫有些怕人的钻进了树丛。<br/>继续散步，穿过一个题有“绿波高观”的石牌楼，经过白云阁，鹤楼在望。<br/>他就在眼前，迎着夕阳，站在不远处的山坡尽头。<br/>恰逢黄鹤楼修缮，脚手架与兜网将楼体围裹起来，只能从轮廓上看个大概。<br/>但这并不太影响游人参观其内部结构，也可以登楼观景，看长江。<br/>沐浴在夕阳之中的车水马龙，一路跨过长江大桥，奔向彼岸，继续着各自的人生。<br/>从黄鹤楼下来，沿着一个缓缓的下坡走了几级台阶，选择了和来时不同的路。<br/>这条路会将你引入一个不同于楼上所见的情境，她更加宁谧，清幽。<br/>如果黄鹤楼是一位负手立于长江边的帝王，这条幽静小路则是陪伴在帝王身边的佳丽。<br/>一个风流倜傥，一如俊俏才子；<br/>一个婉转绰约，一如曼妙女子。<br/>如此绝配，不禁令人莞尔，甚至想要击掌称道了。<br/><br/></p><p style=\"margin-top: 0px; margin-bottom: 0px; word-wrap: break-word; font-size: 14px; color: rgb(77, 77, 77); font-family: Arial, &quot;Lucida Grande&quot;, &quot;Microsoft Yahei&quot;, &quot;Hiragino Sans GB&quot;, &quot;Hiragino Sans GB W3&quot;, SimSun, &quot;PingFang SC&quot;, STHeiti; white-space: normal;\"><a target=\"_blank\" href=\"http://undefined\" style=\"color: rgb(255, 157, 0); cursor: pointer; background-color: transparent;\"><img class=\"_j_lazyload\" src=\"https://b2-q.mafengwo.net/s9/M00/A6/FB/wKgBs1ba1g2AZ0m1AAW9cRTxDt484.jpeg?imageView2%2F2%2Fw%2F600%2Fq%2F90\" style=\"border: 0px; vertical-align: middle; margin-top: 10px; margin-bottom: 10px; height: 255px; width: 600px; background: rgb(252, 242, 220); display: block;\"/></a></p><p class=\"_j_note_content\" style=\"margin-top: 0px; margin-bottom: 0px; word-wrap: break-word; font-size: 14px; color: rgb(77, 77, 77); font-family: Arial, &quot;Lucida Grande&quot;, &quot;Microsoft Yahei&quot;, &quot;Hiragino Sans GB&quot;, &quot;Hiragino Sans GB W3&quot;, SimSun, &quot;PingFang SC&quot;, STHeiti; white-space: normal;\">启功先生题字。<br/>&nbsp;<br/></p><p style=\"margin-top: 0px; margin-bottom: 0px; word-wrap: break-word; font-size: 14px; color: rgb(77, 77, 77); font-family: Arial, &quot;Lucida Grande&quot;, &quot;Microsoft Yahei&quot;, &quot;Hiragino Sans GB&quot;, &quot;Hiragino Sans GB W3&quot;, SimSun, &quot;PingFang SC&quot;, STHeiti; white-space: normal;\"><a target=\"_blank\" href=\"http://undefined\" style=\"color: rgb(255, 157, 0); cursor: pointer; background-color: transparent;\"><img class=\"_j_lazyload\" src=\"https://c1-q.mafengwo.net/s9/M00/A6/FC/wKgBs1ba1hCAeYDYAA0YXkMHDeg99.jpeg?imageView2%2F2%2Fw%2F600%2Fq%2F90\" style=\"border: 0px; vertical-align: middle; margin-top: 10px; margin-bottom: 10px; height: 399px; width: 600px; background: rgb(252, 242, 220); display: block;\"/></a></p><p class=\"_j_note_content\" style=\"margin-top: 0px; margin-bottom: 0px; word-wrap: break-word; font-size: 14px; color: rgb(77, 77, 77); font-family: Arial, &quot;Lucida Grande&quot;, &quot;Microsoft Yahei&quot;, &quot;Hiragino Sans GB&quot;, &quot;Hiragino Sans GB W3&quot;, SimSun, &quot;PingFang SC&quot;, STHeiti; white-space: normal;\">岳飞像。<br/>&nbsp;<br/></p><p style=\"margin-top: 0px; margin-bottom: 0px; word-wrap: break-word; font-size: 14px; color: rgb(77, 77, 77); font-family: Arial, &quot;Lucida Grande&quot;, &quot;Microsoft Yahei&quot;, &quot;Hiragino Sans GB&quot;, &quot;Hiragino Sans GB W3&quot;, SimSun, &quot;PingFang SC&quot;, STHeiti; white-space: normal;\"><a target=\"_blank\" href=\"http://undefined\" style=\"color: rgb(255, 157, 0); cursor: pointer; background-color: transparent;\"><img class=\"_j_lazyload\" src=\"https://a4-q.mafengwo.net/s9/M00/A6/FE/wKgBs1ba1hKAV0sAAArEAW1cfuk59.jpeg?imageView2%2F2%2Fw%2F600%2Fq%2F90\" style=\"border: 0px; vertical-align: middle; margin-top: 10px; margin-bottom: 10px; height: 399px; width: 600px; background: rgb(252, 242, 220); display: block;\"/></a></p><p class=\"_j_note_content\" style=\"margin-top: 0px; margin-bottom: 0px; word-wrap: break-word; font-size: 14px; color: rgb(77, 77, 77); font-family: Arial, &quot;Lucida Grande&quot;, &quot;Microsoft Yahei&quot;, &quot;Hiragino Sans GB&quot;, &quot;Hiragino Sans GB W3&quot;, SimSun, &quot;PingFang SC&quot;, STHeiti; white-space: normal;\">岳飞亭。<br/>&nbsp;<br/></p><p style=\"margin-top: 0px; margin-bottom: 0px; word-wrap: break-word; font-size: 14px; color: rgb(77, 77, 77); font-family: Arial, &quot;Lucida Grande&quot;, &quot;Microsoft Yahei&quot;, &quot;Hiragino Sans GB&quot;, &quot;Hiragino Sans GB W3&quot;, SimSun, &quot;PingFang SC&quot;, STHeiti; white-space: normal;\"><a target=\"_blank\" href=\"http://undefined\" style=\"color: rgb(255, 157, 0); cursor: pointer; background-color: transparent;\"><img class=\"_j_lazyload\" src=\"https://b3-q.mafengwo.net/s9/M00/A7/01/wKgBs1ba1heAcWpgABNSxTHdleM41.jpeg?imageView2%2F2%2Fw%2F600%2Fq%2F90\" style=\"border: 0px; vertical-align: middle; margin-top: 10px; margin-bottom: 10px; height: 399px; width: 600px; background: rgb(252, 242, 220); display: block;\"/></a></p><p style=\"margin-top: 0px; margin-bottom: 0px; word-wrap: break-word; font-size: 14px; color: rgb(77, 77, 77); font-family: Arial, &quot;Lucida Grande&quot;, &quot;Microsoft Yahei&quot;, &quot;Hiragino Sans GB&quot;, &quot;Hiragino Sans GB W3&quot;, SimSun, &quot;PingFang SC&quot;, STHeiti; white-space: normal;\"><a target=\"_blank\" href=\"http://undefined\" style=\"color: rgb(255, 157, 0); cursor: pointer; background-color: transparent;\"><img class=\"_j_lazyload\" src=\"https://a1-q.mafengwo.net/s9/M00/A7/01/wKgBs1ba1hmALDfEAAtpLXrAQxM43.jpeg?imageView2%2F2%2Fw%2F600%2Fq%2F90\" style=\"border: 0px; vertical-align: middle; margin-top: 10px; margin-bottom: 10px; height: 399px; width: 600px; background: rgb(252, 242, 220); display: block;\"/></a></p><p style=\"margin-top: 0px; margin-bottom: 0px; word-wrap: break-word; font-size: 14px; color: rgb(77, 77, 77); font-family: Arial, &quot;Lucida Grande&quot;, &quot;Microsoft Yahei&quot;, &quot;Hiragino Sans GB&quot;, &quot;Hiragino Sans GB W3&quot;, SimSun, &quot;PingFang SC&quot;, STHeiti; white-space: normal;\"><a target=\"_blank\" href=\"http://undefined\" style=\"color: rgb(255, 157, 0); cursor: pointer; background-color: transparent;\"><img class=\"_j_lazyload\" src=\"https://c2-q.mafengwo.net/s9/M00/A7/04/wKgBs1ba1h6AHihbABUHy2vooRc31.jpeg?imageView2%2F2%2Fw%2F600%2Fq%2F90\" style=\"border: 0px; vertical-align: middle; margin-top: 10px; margin-bottom: 10px; height: 399px; width: 600px; background: rgb(252, 242, 220); display: block;\"/></a></p><p style=\"margin-top: 0px; margin-bottom: 0px; word-wrap: break-word; font-size: 14px; color: rgb(77, 77, 77); font-family: Arial, &quot;Lucida Grande&quot;, &quot;Microsoft Yahei&quot;, &quot;Hiragino Sans GB&quot;, &quot;Hiragino Sans GB W3&quot;, SimSun, &quot;PingFang SC&quot;, STHeiti; white-space: normal;\"><a target=\"_blank\" href=\"http://undefined\" style=\"color: rgb(255, 157, 0); cursor: pointer; background-color: transparent;\"><img class=\"_j_lazyload\" src=\"https://p4-q.mafengwo.net/s9/M00/A7/05/wKgBs1ba1iGAQGJMAAz9m94EWo018.jpeg?imageView2%2F2%2Fw%2F600%2Fq%2F90\" style=\"border: 0px; vertical-align: middle; margin-top: 10px; margin-bottom: 10px; height: 399px; width: 600px; background: rgb(252, 242, 220); display: block;\"/></a></p><p style=\"margin-top: 0px; margin-bottom: 0px; word-wrap: break-word; font-size: 14px; color: rgb(77, 77, 77); font-family: Arial, &quot;Lucida Grande&quot;, &quot;Microsoft Yahei&quot;, &quot;Hiragino Sans GB&quot;, &quot;Hiragino Sans GB W3&quot;, SimSun, &quot;PingFang SC&quot;, STHeiti; white-space: normal;\"><a target=\"_blank\" href=\"http://undefined\" style=\"color: rgb(255, 157, 0); cursor: pointer; background-color: transparent;\"><img class=\"_j_lazyload\" src=\"https://c3-q.mafengwo.net/s9/M00/A7/06/wKgBs1ba1iOAUxxzAAmnWXAa3rU10.jpeg?imageView2%2F2%2Fw%2F600%2Fq%2F90\" style=\"border: 0px; vertical-align: middle; margin-top: 10px; margin-bottom: 10px; height: 399px; width: 600px; background: rgb(252, 242, 220); display: block;\"/></a></p><p style=\"margin-top: 0px; margin-bottom: 0px; word-wrap: break-word; font-size: 14px; color: rgb(77, 77, 77); font-family: Arial, &quot;Lucida Grande&quot;, &quot;Microsoft Yahei&quot;, &quot;Hiragino Sans GB&quot;, &quot;Hiragino Sans GB W3&quot;, SimSun, &quot;PingFang SC&quot;, STHeiti; white-space: normal;\"><a target=\"_blank\" href=\"http://undefined\" style=\"color: rgb(255, 157, 0); cursor: pointer; background-color: transparent;\"><img class=\"_j_lazyload\" src=\"https://n4-q.mafengwo.net/s9/M00/A7/07/wKgBs1ba1iaAA_Y4AAu6mxsD2o017.jpeg?imageView2%2F2%2Fw%2F600%2Fq%2F90\" style=\"border: 0px; vertical-align: middle; margin-top: 10px; margin-bottom: 10px; height: 399px; width: 600px; background: rgb(252, 242, 220); display: block;\"/></a></p><p style=\"margin-top: 0px; margin-bottom: 0px; word-wrap: break-word; font-size: 14px; color: rgb(77, 77, 77); font-family: Arial, &quot;Lucida Grande&quot;, &quot;Microsoft Yahei&quot;, &quot;Hiragino Sans GB&quot;, &quot;Hiragino Sans GB W3&quot;, SimSun, &quot;PingFang SC&quot;, STHeiti; white-space: normal;\"><a target=\"_blank\" href=\"http://undefined\" style=\"color: rgb(255, 157, 0); cursor: pointer; background-color: transparent;\"><img class=\"_j_lazyload\" src=\"https://b4-q.mafengwo.net/s9/M00/A7/08/wKgBs1ba1iiAZ1ccAAjTTnsnNBs30.jpeg?imageView2%2F2%2Fw%2F600%2Fq%2F90\" style=\"border: 0px; vertical-align: middle; margin-top: 10px; margin-bottom: 10px; height: 399px; width: 600px; background: rgb(252, 242, 220); display: block;\"/></a></p><p style=\"margin-top: 0px; margin-bottom: 0px; word-wrap: break-word; font-size: 14px; color: rgb(77, 77, 77); font-family: Arial, &quot;Lucida Grande&quot;, &quot;Microsoft Yahei&quot;, &quot;Hiragino Sans GB&quot;, &quot;Hiragino Sans GB W3&quot;, SimSun, &quot;PingFang SC&quot;, STHeiti; white-space: normal;\"><a target=\"_blank\" href=\"http://undefined\" style=\"color: rgb(255, 157, 0); cursor: pointer; background-color: transparent;\"><img class=\"_j_lazyload\" src=\"https://c4-q.mafengwo.net/s9/M00/A7/09/wKgBs1ba1iqAI_qeAAnzwfUer4o73.jpeg?imageView2%2F2%2Fw%2F600%2Fq%2F90\" style=\"border: 0px; vertical-align: middle; margin-top: 10px; margin-bottom: 10px; height: 399px; width: 600px; background: rgb(252, 242, 220); display: block;\"/></a></p><p style=\"margin-top: 0px; margin-bottom: 0px; word-wrap: break-word; font-size: 14px; color: rgb(77, 77, 77); font-family: Arial, &quot;Lucida Grande&quot;, &quot;Microsoft Yahei&quot;, &quot;Hiragino Sans GB&quot;, &quot;Hiragino Sans GB W3&quot;, SimSun, &quot;PingFang SC&quot;, STHeiti; white-space: normal;\"><a target=\"_blank\" href=\"http://undefined\" style=\"color: rgb(255, 157, 0); cursor: pointer; background-color: transparent;\"><img class=\"_j_lazyload\" src=\"https://p1-q.mafengwo.net/s9/M00/A7/0A/wKgBs1ba1iyALKryAAma4zHP3Vg87.jpeg?imageView2%2F2%2Fw%2F600%2Fq%2F90\" style=\"border: 0px; vertical-align: middle; margin-top: 10px; margin-bottom: 10px; height: 399px; width: 600px; background: rgb(252, 242, 220); display: block;\"/></a></p><p style=\"margin-top: 0px; margin-bottom: 0px; word-wrap: break-word; font-size: 14px; color: rgb(77, 77, 77); font-family: Arial, &quot;Lucida Grande&quot;, &quot;Microsoft Yahei&quot;, &quot;Hiragino Sans GB&quot;, &quot;Hiragino Sans GB W3&quot;, SimSun, &quot;PingFang SC&quot;, STHeiti; white-space: normal;\"><a target=\"_blank\" href=\"http://undefined\" style=\"color: rgb(255, 157, 0); cursor: pointer; background-color: transparent;\"><img class=\"_j_lazyload\" src=\"https://c2-q.mafengwo.net/s9/M00/A7/0D/wKgBs1ba1jCARJ8YABLhgDdij9E48.jpeg?imageView2%2F2%2Fw%2F600%2Fq%2F90\" style=\"border: 0px; vertical-align: middle; margin-top: 10px; margin-bottom: 10px; height: 399px; width: 600px; background: rgb(252, 242, 220); display: block;\"/></a></p><p style=\"margin-top: 0px; margin-bottom: 0px; word-wrap: break-word; font-size: 14px; color: rgb(77, 77, 77); font-family: Arial, &quot;Lucida Grande&quot;, &quot;Microsoft Yahei&quot;, &quot;Hiragino Sans GB&quot;, &quot;Hiragino Sans GB W3&quot;, SimSun, &quot;PingFang SC&quot;, STHeiti; white-space: normal;\"><a target=\"_blank\" href=\"http://undefined\" style=\"color: rgb(255, 157, 0); cursor: pointer; background-color: transparent;\"><img class=\"_j_lazyload\" src=\"https://b3-q.mafengwo.net/s9/M00/A7/10/wKgBs1ba1jSAZxeHABPpyJevIXw79.jpeg?imageView2%2F2%2Fw%2F600%2Fq%2F90\" style=\"border: 0px; vertical-align: middle; margin-top: 10px; margin-bottom: 10px; height: 399px; width: 600px; background: rgb(252, 242, 220); display: block;\"/></a></p><p style=\"margin-top: 0px; margin-bottom: 0px; word-wrap: break-word; font-size: 14px; color: rgb(77, 77, 77); font-family: Arial, &quot;Lucida Grande&quot;, &quot;Microsoft Yahei&quot;, &quot;Hiragino Sans GB&quot;, &quot;Hiragino Sans GB W3&quot;, SimSun, &quot;PingFang SC&quot;, STHeiti; white-space: normal;\"><a target=\"_blank\" href=\"http://undefined\" style=\"color: rgb(255, 157, 0); cursor: pointer; background-color: transparent;\"><img class=\"_j_lazyload\" src=\"https://c4-q.mafengwo.net/s9/M00/A7/13/wKgBs1ba1jmAaJVBABLI36ueR_U57.jpeg?imageView2%2F2%2Fw%2F600%2Fq%2F90\" style=\"border: 0px; vertical-align: middle; margin-top: 10px; margin-bottom: 10px; height: 399px; width: 600px; background: rgb(252, 242, 220); display: block;\"/></a></p><p style=\"margin-top: 0px; margin-bottom: 0px; word-wrap: break-word; font-size: 14px; color: rgb(77, 77, 77); font-family: Arial, &quot;Lucida Grande&quot;, &quot;Microsoft Yahei&quot;, &quot;Hiragino Sans GB&quot;, &quot;Hiragino Sans GB W3&quot;, SimSun, &quot;PingFang SC&quot;, STHeiti; white-space: normal;\"><a target=\"_blank\" href=\"http://undefined\" style=\"color: rgb(255, 157, 0); cursor: pointer; background-color: transparent;\"><img class=\"_j_lazyload\" src=\"https://n4-q.mafengwo.net/s9/M00/A7/15/wKgBs1ba1j2AM9q8AA6xwD6C3B856.jpeg?imageView2%2F2%2Fw%2F600%2Fq%2F90\" style=\"border: 0px; vertical-align: middle; margin-top: 10px; margin-bottom: 10px; height: 399px; width: 600px; background: rgb(252, 242, 220); display: block;\"/></a></p><p style=\"margin-top: 0px; margin-bottom: 0px; word-wrap: break-word; font-size: 14px; color: rgb(77, 77, 77); font-family: Arial, &quot;Lucida Grande&quot;, &quot;Microsoft Yahei&quot;, &quot;Hiragino Sans GB&quot;, &quot;Hiragino Sans GB W3&quot;, SimSun, &quot;PingFang SC&quot;, STHeiti; white-space: normal;\"><a target=\"_blank\" href=\"http://undefined\" style=\"color: rgb(255, 157, 0); cursor: pointer; background-color: transparent;\"><img class=\"_j_lazyload\" src=\"https://n2-q.mafengwo.net/s9/M00/A7/16/wKgBs1ba1j-AQfY_AAsMeVXkhI812.jpeg?imageView2%2F2%2Fw%2F600%2Fq%2F90\" style=\"border: 0px; vertical-align: middle; margin-top: 10px; margin-bottom: 10px; height: 409px; width: 600px; background: rgb(252, 242, 220); display: block;\"/></a></p><p><br/></p>', '1', '2017-04-28 16:16:15', '【游记】武汉，灼灼其华枝漫春', '阿森纳', '0', '0', '1'), ('21', 'strategy', '测试', '<p>20170418测试一下<img src=\"http://desktop-l1g65pu:8080/ChangYou/plug/ueditor/jsp/upload/20170418/30011492501663843.jpg\"/></p>', '2', '2017-05-10 11:20:12', '【攻略】20170418测试', 'bOneKop', '0', '0', '2'), ('23', 'strategy', '武汉', '<p>&nbsp; &nbsp; &nbsp; &nbsp;20170426新版本测试</p>', '2', '2017-05-08 14:56:23', '【攻略】20170426新版本测试', 'bOneKop', '0', '0', '0');
COMMIT;

-- ----------------------------
--  Table structure for `user`
-- ----------------------------
DROP TABLE IF EXISTS `user`;
CREATE TABLE `user` (
  `id` int(11) NOT NULL AUTO_INCREMENT,
  `username` varchar(30) CHARACTER SET utf8 NOT NULL,
  `password` varchar(30) CHARACTER SET utf8 NOT NULL,
  `email` varchar(50) CHARACTER SET utf8 DEFAULT NULL,
  `image` varchar(200) CHARACTER SET utf8 DEFAULT NULL,
  `nickname` varchar(50) CHARACTER SET utf8 DEFAULT NULL,
  `specials` varchar(500) CHARACTER SET utf8 DEFAULT NULL,
  `del` int(11) DEFAULT '1',
  PRIMARY KEY (`id`)
) ENGINE=InnoDB AUTO_INCREMENT=10 DEFAULT CHARSET=latin1;

-- ----------------------------
--  Records of `user`
-- ----------------------------
BEGIN;
INSERT INTO `user` VALUES ('1', 'kop', 'kop', 'ifd@qq.com', '/pic\\9cdc55e736d12f2e449705ed4fc2d5628435685a.jpg', 'bOneKop', '荣曜秋菊、华茂春松\r\n', '1'), ('3', 'bone', 'bone', '阿森纳', '/pic\\amaz.jpg', '阿森纳', '阿森纳', '1'), ('4', 'kopp', 'kopp', 'kopp', null, 'kopp', null, '2'), ('7', 'pengming', 'pengming', null, null, 'pengming', null, '3'), ('9', 'xiaobo', 'xiaobo', null, null, 'xiaobo', null, '3');
COMMIT;

-- ----------------------------
--  Table structure for `village`
-- ----------------------------
DROP TABLE IF EXISTS `village`;
CREATE TABLE `village` (
  `villageId` int(11) NOT NULL,
  `villageTitle` varchar(30) NOT NULL,
  `villagePoint` varchar(50) NOT NULL,
  `villageAddress` varchar(50) NOT NULL,
  `villageImg` varchar(50) NOT NULL,
  `villageInt` varchar(200) NOT NULL,
  `villageDetail` varchar(1000) DEFAULT NULL,
  `villageCount` int(11) NOT NULL DEFAULT '0',
  `villageSeason` varchar(50) NOT NULL,
  `villageSpecial` varchar(100) NOT NULL,
  `villageCollect` int(11) NOT NULL DEFAULT '0',
  `point` float DEFAULT '0',
  PRIMARY KEY (`villageId`)
) ENGINE=InnoDB DEFAULT CHARSET=utf8;

-- ----------------------------
--  Records of `village`
-- ----------------------------
BEGIN;
INSERT INTO `village` VALUES ('1', '乌梅村', '113.958869,30.560149', '武汉市蔡甸区', 'img/villige/wumei.jpeg', '张湾街是武汉市新兴的都市农业生态旅游大街,享有武汉都市农业生态园的美誉,距市中心仅20公里。6公里长的蔡甸大街...', '张湾街是武汉市新兴的都市农业生态旅游大街,享有武汉都市农业生态园的美誉,距市中心仅20公里。6公里长的蔡甸大街将它与位于武汉市中环线上的蔡甸区城关紧紧相连，是规划中的武汉九大卫星城之一的蔡甸新城重要的组成部分。乌梅村地址蔡甸区张湾街乌梅山脚下，靠近城区，依山傍水，交通便捷，地理位置很好。一条河流穿越而过，山清水秀,广聚人气。', '3', '春天、夏天、秋天', '登山、划水、赏花', '2', '4.7'), ('2', '童周岭村', '114.449306,30.294974', '武汉市江夏区', 'img/villige/tongzhouling.jpeg', '童周岭村地属武汉市江夏区五里界街道，坐落于美丽的梁子湖畔。全村共有13个自然湾，风景都十分优美...', '童周岭村地属武汉市江夏区五里界街道，坐落于美丽的梁子湖畔。全村共有13个自然湾，风景都十分优美。其中，尤以小朱湾和童周湾最为迷人。童周湾属于五里界童周岭村，地处五里界西南面，梁湖大道穿村而过。全村12个村民小组，1515人。童周湾现有34户、97人，湾内绿道环绕，绿竹婆娑，映衬着荆楚派风格的建筑，尽显典雅秀丽，是童周岭村美丽乡村的一道靓丽风景。', '0', '夏天、秋天', '猜灯、游市、斗鸡、赛马', '1', null), ('3', '东港村', '114.180934,30.191342', '武汉市江夏区', 'img/villige/donggao.jpeg', '东港村位于江夏区南部的法泗街，毗邻咸宁嘉鱼县，周边河塘密布，一马平川。风景秀丽,人勤物丰,天蓝水清...', '东港村位于江夏区南部的法泗街，毗邻咸宁嘉鱼县，周边河塘密布，一马平川。风景秀丽,人勤物丰,天蓝水清。　在东港村，家家户户都有专门的辣椒地、腌菜坛子，专门用来做剁椒、做黄辣椒等辣椒制品。每到冬至时节，东港村“烟雾缭绕”——村民们在做腊肉，要多道手续：用烟熏。买回猪肉，洗净抹盐，腌制风干后，再点燃谷壳、橘皮，将肉放在上面熏制。', '1', '春天、秋天', '宴会、踏青、访古、采摘', '0', null), ('4', '丁湾村', '113.92852,30.56367', '武汉市蔡甸区', 'img/villige/dingwan.jpeg', '蔡甸区索河镇丁湾村坐落在六神山下，金龙湖畔，省道汉马路穿村而过。这里湖光山色，交相辉映，环境优美，景色宜人...', '蔡甸区索河镇丁湾村坐落在六神山下，金龙湖畔，省道汉马路穿村而过。这里湖光山色，交相辉映，环境优美，景色宜人。这些年来，这个村充分发挥山水资源优势，靠发展水产养殖的白色企业和林果种植的绿色企业，村级集体经济不断发展壮大，村民收入大幅度增加，村容村貌焕然一新，一举成为当地的富裕村。', '1', '秋天、冬天', '登山、赏花、踏青、访古', '1', null), ('5', '蔡院村', '114.870849,30.853494', '武汉市新洲区', 'img/villige/caiyuan.jpeg', '辛冲镇位于新洲区东南部，是全国重点示范镇，素有“建筑之乡”的美誉，“鲁班镇”...', '辛冲镇位于新洲区东南部，是全国重点示范镇，素有“建筑之乡”的美誉，“鲁班镇”。2015年，撤销辛冲镇，设立辛冲街道。这里走出了200多位“建筑能人”，每人的资产都过百万，其中的刘先成、余宝琳、陈继、姚科学，喻友旺尤具传奇色彩。新洲区辛冲街蔡院村地处丘陵地带，东与高桥村接壤，南与柳林村、顾畈村相连，西与邾城章兴村交界，北与上塘村相邻。全村风景秀丽，生态良好。', '0', '夏天、秋天、冬天', '采摘、赛马、游市、划水', '1', null), ('6', '杨岔村', '114.681765,30.919176', '武汉市新洲区', 'img/villige/yangcha.jpeg', '仓埠街道，目前，已形成以服装、建材业为龙头，机械、制造、铸造、五金、塑料制品、棉制品、粮油加工、化工为主体的工业经济发展格局...', '仓埠街道，目前，已形成以服装、建材业为龙头，机械、制造、铸造、五金、塑料制品、棉制品、粮油加工、化工为主体的工业经济发展格局。新洲区仓埠街杨岔村东临倒水河，西接黄陂，南与318国道相连，北邻红安，耕地面积800亩，其中种植面积730亩，旱地330亩，水田400亩，版图面积4.1平方公里；杨岔村历史悠久，文化底蕴丰厚。', '0', '春天、夏天、冬天', '猜灯、斗鸡、踏青、宴会', '0', null), ('7', '上岗村', '114.649271,30.917519', '武汉市新洲区', 'img/villige/shanggang.jpeg', '新洲区仓埠街上岗村地处丘陵，北靠红安，西邻黄陂。十里飘香的仓埠桂花大道花果山景区，就坐落于美丽的上岗村，市级桂花产业园旅游观光路穿越了上岗村...', '新洲区仓埠街上岗村地处丘陵，北靠红安，西邻黄陂。十里飘香的仓埠桂花大道花果山景区，就坐落于美丽的上岗村，市级桂花产业园旅游观光路穿越了上岗村。这里民风淳朴，鸟语花香好一派田园风光，是踏青、郊游、采摘的好去处。上岗村的有机葡萄，葡萄露酒，您一定得尝尝，还有新鲜的草莓采摘现在正当时，五月的荷花您不能错过，上岗村的养心菜您一定没听说过。最让人留连的复地生态园已具规模，上岗村的大棚也是一道美景。', '0', '春天、秋天、冬天', '赛马、猜灯、登山、赏花', '0', null), ('8', '团上村', '114.945177,30.81449', '武汉市新洲区', 'img/villige/jietuanshang.jpeg', '旧街街团上村位于新洲区旧街街东北部山区，东与黄冈团风县相邻，西与烽火山相连，南至冯岗村，北低姚河村...', '旧街街团上村位于新洲区旧街街东北部山区，东与黄冈团风县相邻，西与烽火山相连，南至冯岗村，北低姚河村。团上村交通便利、地势平坦、土地肥沃。具有独特地地理位置，处于“山之尾，河之头”。这里的土壤、气候条件都适宜种植中药材。常年种植药材面积达1000亩左右，年产值达200多万元。近20年来，种植面积辐射新洲、团风、麻城三区县近八个乡镇60多个村，是方圆百余里的中药材收购中心，产品销往全国各地。', '0', '夏天、秋天、冬天', '采摘、游市、访古、猜灯', '0', null), ('9', '杨家石桥村', '114.585051,30.944286', '武汉市新洲区', 'img/villige/shiqiao.jpeg', '蔡家榨街位于武汉市黄陂区，史称黄陂东乡。是历史文化名镇，辛亥革命第一村...', '蔡家榨街位于武汉市黄陂区，史称黄陂东乡。是历史文化名镇，辛亥革命第一村。蔡官田村孕育了辛亥革命首义“大总管”蔡济民；曾国藩后裔聚居地曾家大湾培养出清代榜眼曾大观，现代爱国诗人曾卓等。同时，民间文化活动十分丰富，凤凰寨庙会是黄陂民间特色文化的代表。　杨家石桥村交通便利，这里物产丰富，人杰地灵，百姓和谐。', '0', '春天、夏天', '登山、游市、赛马、访古', '0', null), ('10', '芦子河村', '114.585051,30.944286', '武汉市黄陂区', 'img/villige/shiqiao.jpeg', '木兰乡位于武汉市黄陂区东北部，东与红安县交界、南与王家河街接壤、西与长轩岭街毗邻、北与姚集街相连。是木兰故里，境内有国家级木兰湖旅游度假区...', '木兰乡位于武汉市黄陂区东北部，东与红安县交界、南与王家河街接壤、西与长轩岭街毗邻、北与姚集街相连。是木兰故里，境内有国家级木兰湖旅游度假区。这里水丰鸟美，人杰地灵，是观光旅游、休闲度假的湖北省省级旅游度假区，被人们誉为荆楚明珠、武汉市的后花园。芦子河村受黄陂区管辖，毗连将军庙村，椿树岗村，人勤物丰，风景秀丽，英才辈出，物华天宝。', '0', '春天、冬天', '采摘、宴会、踏青、斗鸡', '0', null), ('11', '皇庙村', '114.278266,30.945843', '武汉市黄陂区', 'img/villige/huangmiao.jpeg', '罗汉寺街位于黄陂区中部偏西，是黄陂区北部生态旅游区南大门，东界王家河街，北接长轩岭街，西连李家集街...', '罗汉寺街位于黄陂区中部偏西，是黄陂区北部生态旅游区南大门，东界王家河街，北接长轩岭街，西连李家集街和祁家湾街，南临前川街。罗汉寺的历史可追溯至明末清初，因寺得名，是一个古老的集镇。境内属亚热带季风性湿润气候，四季分明，既适宜种植农作物、多种经济作物、观赏花卉和树木。皇庙村隶属于罗汉寺街道，边上有金寨村，北新村，齐岗村,四季分明,风景秀丽,水光山色,毓秀钟灵。', '0', '冬天、夏天', '赏花、划水、猜灯、访古', '0', null), ('12', '火庙村', '114.40684,30.860316', '武汉市黄陂区', 'img/villige/huomiao.jpeg', '云淡风轻近午天，傍花随柳过前川。前川街道为黄陂区党政机关驻地，位于区境腹部偏南，东邻六指街...', '云淡风轻近午天，傍花随柳过前川。前川街道为黄陂区党政机关驻地，位于区境腹部偏南，东邻六指街、南连三里桥街道、大潭原种场办事处和滠口街道、西接横店街和祁家湾街、北毗罗汉寺街和王家河街。其中，火苗村风景宜人，生态良好，非常宜居，也适合来此踏青郊游。', '0', '春天、夏天、秋天、冬天', '登山、游市、斗鸡、赛马', '0', null);
COMMIT;

SET FOREIGN_KEY_CHECKS = 1;
